seed,mode,rgbd_valid,rgbd_failure_reason,full_success,reach_success,grasp_success,lift_success,entered_place,place_success,episode_steps,episode_return,visual_error_m,visual_xy_error_m,capture_distance_m,object_cycle_displacement_m,grasp_visual_xy_error_m,min_grasp_xy_error_m,grasp_horizontal_drift_m,final_goal_xy_error_m,ik_nonconverged_calls,ik_calls,dq_clip_rate,max_joint_velocity_rad_s,max_actuator_force_n,robot_table_contact_steps,object_dropped,object_fling,gripper_opened,release_failed,max_runtime_estimator_error_m_evaluator_only,first_action_delta_vs_truth,object_source_checked_steps,object_source_consistency_failures,object_source_consistent,object_source_consumer_counts,object_estimate_source_counts,initial_object_xyz,initial_goal_xyz,tcp_tracking_reach_mean_m,tcp_tracking_reach_max_m,tcp_tracking_grasp_mean_m,tcp_tracking_grasp_max_m,tcp_tracking_lift_mean_m,tcp_tracking_lift_max_m,tcp_tracking_place_mean_m,tcp_tracking_place_max_m,failure_class
0,rgbd,True,,True,True,True,True,True,True,455,3233.221229525925,0.0006281598278282374,0.0006280476317142248,0.13504500830925675,2.909242593751582e-05,0.0023568355428351746,0.003466644922064701,0.002929732774633273,0.00855129387122841,0,455,0.36485532815808047,0.5409817252156819,32.65226390608677,0,False,False,True,False,0.003929985573168124,,455,0,True,"{'ppo_observation': 455, 'reach_safety': 642, 'grasp_safety': 62, 'place_servo': 73, 'place_descent': 140, 'place_release': 39}","{'rgbd_visual_hold': 1056, 'tcp_fk_propagated': 355}","[0.5410885061964363, -0.09208531449445188, 0.315]","[0.48809764141586737, -0.09760808111499739, 0.315]",0.02731485617282603,0.028266078258264538,0.014220943995403494,0.02649041765059853,0.02801170762329672,0.028280239340976773,0.011905869096803967,0.015686355799098713,success
1,rgbd,True,,True,True,True,True,True,True,375,3270.7794959020903,0.0008829987492769091,0.0008829986975384088,0.1497783177913493,2.909242593751582e-05,0.001652709733765012,0.0013930817921385308,0.002205422598551753,0.0037768443679669673,0,375,0.352,0.4195171785981676,27.080111585662962,0,False,False,True,False,0.0030937543715019167,,375,0,True,"{'ppo_observation': 375, 'reach_safety': 510, 'grasp_safety': 58, 'place_servo': 63, 'place_descent': 110, 'place_release': 39}","{'rgbd_visual_hold': 852, 'tcp_fk_propagated': 303}","[0.503546487410077, 0.18018547853037414, 0.315]","[0.4451888057286005, 0.1996960564749961, 0.315]",0.027325762777221894,0.028270012748542864,0.01370829575495138,0.02635354703939761,0.02790839859232299,0.028103466599997073,0.012383317791451772,0.01611596531046198,success
2,rgbd,True,,True,True,True,True,True,True,515,3662.974944573273,0.0007816310804638513,0.0007816054365780557,0.15744507167794689,2.909242593751582e-05,0.0032265598236646286,0.0032452038364527494,0.003989708818233009,0.010571169672136217,0,515,0.31730126920507684,0.5409886041529558,28.65575452439043,0,False,False,True,False,0.004324580695357519,,515,0,True,"{'ppo_observation': 515, 'reach_safety': 566, 'grasp_safety': 68, 'place_servo': 172, 'place_descent': 429, 'place_release': 47}","{'rgbd_visual_hold': 951, 'tcp_fk_propagated': 846}","[0.4284836402747949, -0.08060354263435068, 0.315]","[0.3320190742271971, -0.1434633882000155, 0.315]",0.027298624077983776,0.02826538471251155,0.014859141512988156,0.02698610292536419,0.027312688488566553,0.027864387105942266,0.009435950918258964,0.01595446354206013,success
3,rgbd,True,,True,True,True,True,True,True,473,3491.5158645952297,0.0001540677195734872,0.00015358771387274036,0.18306148634217306,2.909242593751582e-05,0.0047026697334228255,0.00310657022916325,0.0045680332891682475,0.006844394032669494,0,473,0.33828733191790517,0.5409936939305168,22.179893434715268,0,False,False,True,False,0.005171321046818836,,473,0,True,"{'ppo_observation': 473, 'reach_safety': 578, 'grasp_safety': 72, 'place_servo': 124, 'place_descent': 291, 'place_release': 41}","{'rgbd_visual_hold': 975, 'tcp_fk_propagated': 604}","[0.3756947501430873, -0.10527579736156012, 0.315]","[0.47492712933611037, -0.048953585399220095, 0.315]",0.027237295821401032,0.02826481404699667,0.01318624697965556,0.02677176737653881,0.02720475238129609,0.027711646526404083,0.011877981227509458,0.016145234793583613,success
4,rgbd,True,,True,True,True,True,True,True,565,3548.1711015538194,0.0007735352583441862,0.0007731518567163025,0.15898452637730962,2.909242593751582e-05,0.0030322851544754125,0.0004092429461525025,0.0027620359662430772,0.009705827209529035,0,565,0.32645631067961167,0.4931785786783016,32.9442361823144,0,False,False,True,False,0.004389113926932073,,565,0,True,"{'ppo_observation': 565, 'reach_safety': 662, 'grasp_safety': 60, 'place_servo': 168, 'place_descent': 425, 'place_release': 39}","{'rgbd_visual_hold': 1083, 'tcp_fk_propagated': 836}","[0.6329168316717103, 0.004531021125744633, 0.315]","[0.5209881030878145, -0.057770188413326456, 0.315]",0.02734010334544042,0.028266178329935776,0.012954605018837332,0.02552214983826071,0.028352804943687096,0.028572501627051623,0.014037200575621397,0.01806065282308573,success
5,rgbd,True,,True,True,True,True,True,True,469,3422.3166764762286,0.0008303794615431427,0.0008302297126489252,0.10843342009730171,2.909242593757133e-05,0.0013192696978820558,0.0004851151757157408,0.0008258832749939472,0.00849866912956426,0,469,0.33478893740902477,0.41572952931984564,30.195594219404484,0,False,False,True,False,0.0030633998736699446,,469,0,True,"{'ppo_observation': 469, 'reach_safety': 588, 'grasp_safety': 56, 'place_servo': 114, 'place_descent': 269, 'place_release': 33}","{'rgbd_visual_hold': 966, 'tcp_fk_propagated': 563}","[0.5915008771236141, 0.12317631589459749, 0.315]","[0.6118492487873953, 0.03424862034537329, 0.315]",0.027344627812842876,0.02826979068462664,0.012883160382356542,0.025927142704570565,0.028147767876194246,0.028395333497808883,0.014090979574165738,0.01749752471732187,success
6,rgbd,True,,True,True,True,True,True,True,465,3364.4655166428256,0.0009686790036437773,0.0009686781540262396,0.11698884992065063,2.909242593751582e-05,0.0019878111852682824,0.0035544157720528427,0.0024804249808220327,0.008470661347519278,0,465,0.3491166077738516,0.5409793207086249,29.269028946397157,0,False,False,True,False,0.0035859073755653064,,465,0,True,"{'ppo_observation': 465, 'reach_safety': 610, 'grasp_safety': 62, 'place_servo': 101, 'place_descent': 228, 'place_release': 35}","{'rgbd_visual_hold': 1008, 'tcp_fk_propagated': 493}","[0.511449305441583, -0.06269165207466462, 0.315]","[0.5675041557711049, -0.11910210933956422, 0.315]",0.02730785162878045,0.028266124495816,0.014294325981835797,0.026596786545870516,0.027819680438151556,0.028095403732932775,0.012576123426979849,0.015556984425632296,success
7,rgbd,True,,True,True,True,True,True,True,476,3581.6020000912854,0.000994328169235474,0.0009942208600591256,0.12137893282547331,2.909242593751582e-05,0.0004171293980929177,0.0007920153752200784,0.0013272755139616043,0.007760590042971685,0,476,0.3106004447739066,0.42106487756018995,25.22366739999734,0,False,False,True,False,0.002765286863646182,,476,0,True,"{'ppo_observation': 476, 'reach_safety': 540, 'grasp_safety': 56, 'place_servo': 148, 'place_descent': 365, 'place_release': 39}","{'rgbd_visual_hold': 894, 'tcp_fk_propagated': 730}","[0.5375286399814001, 0.15888552038783021, 0.315]","[0.5201434919848835, 0.04818752037234572, 0.315]",0.027331688649476354,0.028269970273296405,0.013248974330410055,0.026304874927606987,0.027941007516106873,0.028203422655978257,0.012381371163558487,0.015809574593230378,success
8,rgbd,True,,True,True,True,True,True,True,364,3342.2153752501185,0.0010986210239379633,0.0010985168046870313,0.172428890955225,2.909242593751582e-05,0.0033982100372438664,0.0011892375667879281,0.004481026053749175,0.006008864268177125,0,364,0.3491773308957952,0.4275408842518506,20.504642259877073,0,False,False,True,False,0.00395903434406842,,364,0,True,"{'ppo_observation': 364, 'reach_safety': 468, 'grasp_safety': 60, 'place_servo': 74, 'place_descent': 143, 'place_release': 39}","{'rgbd_visual_hold': 792, 'tcp_fk_propagated': 356}","[0.44809168298166824, 0.19491073733517023, 0.315]","[0.4299838496204842, 0.2682038700945484, 0.315]",0.02730985083274116,0.02826602389335554,0.014228314688068964,0.02645716364848502,0.027662995047611962,0.027952386683045245,0.01253231622157352,0.016151874562318674,success
9,rgbd,True,,True,True,True,True,True,True,502,3282.698384112187,0.0013194348203396397,0.0013194304356833632,0.1799018943795703,2.909242593751582e-05,0.0032420175061579986,0.0019325829589570626,0.0027401800854376743,0.007366842697225598,0,502,0.36046511627906974,0.5409748280057791,31.27446777532623,0,False,False,True,False,0.0043039037650296035,,502,0,True,"{'ppo_observation': 502, 'reach_safety': 686, 'grasp_safety': 62, 'place_servo': 93, 'place_descent': 204, 'place_release': 35}","{'rgbd_visual_hold': 1122, 'tcp_fk_propagated': 460}","[0.6110747611910254, -0.08527311636497786, 0.315]","[0.5941616818052167, 0.011512079651405785, 0.315]",0.02732789758301265,0.02826678295734397,0.013517772655815368,0.026211317451285826,0.028335758978559288,0.02847397124744214,0.015244185100692819,0.018158896999236628,success
10,rgbd,True,,True,True,True,True,True,True,588,3483.2357655280402,0.0009143699628535743,0.0009143693653140306,0.1300872037293652,2.909242593751582e-05,0.004226260359365823,0.0014983597188849276,0.0035035548337956205,0.01191975739276138,0,588,0.3369441277080958,0.5409761794462005,34.318383444864594,0,False,False,True,False,0.005269054587923525,,588,0,True,"{'ppo_observation': 588, 'reach_safety': 718, 'grasp_safety': 62, 'place_servo': 160, 'place_descent': 407, 'place_release': 33}","{'rgbd_visual_hold': 1170, 'tcp_fk_propagated': 798}","[0.6368005128886927, -0.11692727596834125, 0.315]","[0.5680318291269495, -0.21068697495822605, 0.315]",0.02733659489844473,0.028266835975901076,0.013531828396019786,0.024931198700886874,0.02852157444413456,0.028643400029387308,0.015170296143152545,0.018752279052602492,success
11,rgbd,True,,True,True,True,True,True,True,429,3520.2046701799272,0.0004847975275613988,0.0004844940638413235,0.167052648905474,2.909242593751582e-05,0.0035461818506958382,0.0013904666454862763,0.0034623773929397805,0.00990104980229933,0,429,0.3449074074074074,0.5409866944312881,23.968716253861203,0,False,False,True,False,0.0044068707890581055,,429,0,True,"{'ppo_observation': 429, 'reach_safety': 500, 'grasp_safety': 68, 'place_servo': 121, 'place_descent': 274, 'place_release': 49}","{'rgbd_visual_hold': 852, 'tcp_fk_propagated': 589}","[0.3885710608307599, -0.00028885502395400997, 0.315]","[0.29204098855536514, -0.017880152944373187, 0.315]",0.027283204617370826,0.02826498556408405,0.015537903551793875,0.027099883845648633,0.0271732224946994,0.027706925529487506,0.009645692744291261,0.01592203878092879,success
12,rgbd,True,,True,True,True,True,True,True,375,3418.681462751176,0.0019021335392687025,0.0019021297617959117,0.12175686828809712,2.909242593751582e-05,0.00182451277219903,0.0011715806277189623,0.003370846524971037,0.00845873578738552,0,375,0.34397163120567376,0.456685385671785,24.780814632939837,0,False,False,True,False,0.0029389400956900845,,375,0,True,"{'ppo_observation': 375, 'reach_safety': 460, 'grasp_safety': 60, 'place_servo': 90, 'place_descent': 187, 'place_release': 43}","{'rgbd_visual_hold': 780, 'tcp_fk_propagated': 435}","[0.42524733743253385, 0.17870117714376982, 0.315]","[0.3972475154294112, 0.11987972548431014, 0.315]",0.027287300953821952,0.02826599285352593,0.01474850470453223,0.026523202821095493,0.027583096928345204,0.02787333881349724,0.01042292958116189,0.015856572106684428,success
13,rgbd,True,,True,True,True,True,True,True,500,3495.7907285640676,0.0006110690663034447,0.0006108799962372036,0.11549466515277161,2.909242593751582e-05,0.0013692290107817692,0.000672563444196667,0.0008191613473212072,0.009332692951992131,0,500,0.32122905027932963,0.4210410715571325,31.846495770139427,0,False,False,True,False,0.0028194110434126016,,500,0,True,"{'ppo_observation': 500, 'reach_safety': 594, 'grasp_safety': 56, 'place_servo': 141, 'place_descent': 350, 'place_release': 33}","{'rgbd_visual_hold': 975, 'tcp_fk_propagated': 699}","[0.609439276104976, 0.14212100597282362, 0.315]","[0.61769441469538, 0.027536115264089778, 0.315]",0.027356633798202284,0.028275817387884157,0.012810062821665332,0.025057623965747868,0.028257118239135074,0.028459665332783164,0.014872247290131313,0.018554582056707746,success
14,rgbd,True,,True,True,True,True,True,True,503,3339.5240353285017,0.00044954989948406095,0.00044954826201517835,0.18678758641264007,2.909242593751582e-05,0.0028522531255723653,0.001959275172205487,0.002609610723640085,0.006875635494008301,0,503,0.3537859007832898,0.5409749467437568,29.74208571990357,0,False,False,True,False,0.0041510644652954015,,503,0,True,"{'ppo_observation': 503, 'reach_safety': 666, 'grasp_safety': 62, 'place_servo': 106, 'place_descent': 241, 'place_release': 37}","{'rgbd_visual_hold': 1092, 'tcp_fk_propagated': 523}","[0.5992949956667335, -0.05562133326629737, 0.315]","[0.5315272992746418, 0.026171367952511862, 0.315]",0.02732432346773074,0.02826660158899866,0.013325444391841334,0.02623266771302635,0.028246425484180677,0.02839811602445644,0.014592891716217285,0.017890088485334632,success
15,rgbd,True,,True,True,True,True,True,True,431,3359.9372124660204,0.0004019895041879446,0.0004018373300627171,0.14052674358532896,2.909242593751582e-05,0.0010717431975853123,0.0003567215370944549,0.000847923425113175,0.0063686243634486096,0,431,0.3470817120622568,0.42902770115798045,26.49787456650256,0,False,False,True,False,0.002901246645212222,,431,0,True,"{'ppo_observation': 431, 'reach_safety': 564, 'grasp_safety': 56, 'place_servo': 91, 'place_descent': 192, 'place_release': 41}","{'rgbd_visual_hold': 930, 'tcp_fk_propagated': 445}","[0.5578230103895457, 0.126326844534423, 0.315]","[0.48332783446197264, 0.10476610890994889, 0.315]",0.027334683653459948,0.028266604262479542,0.013196772317804266,0.02628199382837895,0.027984654145003732,0.02827100642707715,0.012865667314531542,0.017349162278391506,success
16,rgbd,True,,True,True,True,True,True,True,440,3284.5676992441836,0.0008892050764106872,0.000889204947624174,0.11357112833844063,2.909242593751582e-05,0.001690252580976496,0.002850587175224729,0.002087124930898365,0.008767555782747724,0,440,0.35976505139500736,0.5409761045971344,28.39202944023964,0,False,False,True,False,0.003344737353576836,,440,0,True,"{'ppo_observation': 440, 'reach_safety': 604, 'grasp_safety': 62, 'place_servo': 79, 'place_descent': 162, 'place_release': 35}","{'rgbd_visual_hold': 999, 'tcp_fk_propagated': 383}","[0.5200750516638095, -0.02770234180392578, 0.315]","[0.5533239129293784, -0.07464638391697485, 0.315]",0.027306115707544477,0.028266201479205586,0.013776631497601853,0.026601602100291548,0.027836225123147366,0.02809161579734784,0.012142385946782672,0.01560216392833041,success
17,rgbd,True,,True,True,True,True,True,True,524,3249.2502050971902,0.0005173183512321132,0.0005168757883920481,0.11905476451809122,2.909242593751582e-05,0.009549302976657932,0.0031717760423916625,0.009103924844557859,0.01474988664734352,0,524,0.38106796116504854,0.5409827872348324,43.624423188631226,0,False,False,True,False,0.009590083198205755,,524,0,True,"{'ppo_observation': 524, 'reach_safety': 702, 'grasp_safety': 80, 'place_servo': 97, 'place_descent': 224, 'place_release': 27}","{'rgbd_visual_hold': 1173, 'tcp_fk_propagated': 481}","[0.6035224378393704, -0.13561076353235724, 0.315]","[0.6674571767630232, -0.20536182811515286, 0.315]",0.027330187267251616,0.028266245847050685,0.017103901994679455,0.029327498574308684,0.028454358647425453,0.028816302958284492,0.015481795829741778,0.01834655466676283,success
18,rgbd,True,,True,True,True,True,True,True,408,3400.061093153753,0.0009647637716420094,0.0009647569109022778,0.13658641008753475,2.909242593751582e-05,0.0009277615357818832,0.0019597438376715752,0.0009908700501030394,0.0065461287080012575,0,408,0.3496784565916399,0.5122338360738588,22.68668109264945,0,False,False,True,False,0.0029000380075018964,,408,0,True,"{'ppo_observation': 408, 'reach_safety': 522, 'grasp_safety': 58, 'place_servo': 92, 'place_descent': 191, 'place_release': 45}","{'rgbd_visual_hold': 870, 'tcp_fk_propagated': 446}","[0.4697917307652718, 0.08696587171528647, 0.315]","[0.4068963978262161, 0.05097311043171238, 0.315]",0.027300001036812068,0.028265931013125155,0.014379163439895771,0.026621440850772567,0.027529018861594774,0.027970550391652665,0.010781823908335304,0.015834632472883442,success
19,rgbd,True,,True,True,True,True,True,True,387,3375.6742154198146,0.0013629656538407058,0.0013629656322106715,0.14024741618106842,2.909242593751582e-05,0.0012275523340630175,0.001700274991728471,0.0024374111936348634,0.005185814052502749,0,387,0.347114556416882,0.43457425640528574,26.555507359454168,0,False,False,True,False,0.0029651013755113173,,387,0,True,"{'ppo_observation': 387, 'reach_safety': 496, 'grasp_safety': 58, 'place_servo': 83, 'place_descent': 166, 'place_release': 43}","{'rgbd_visual_hold': 831, 'tcp_fk_propagated': 402}","[0.4761136387187782, 0.1703477379266815, 0.315]","[0.40926187170183415, 0.14385563193951087, 0.315]",0.027308385630497048,0.02826639361529179,0.013940543388188967,0.02640586983726295,0.027705852861584782,0.02800473469185642,0.011407708112378834,0.015896457767572324,success
20,rgbd,True,,True,True,True,True,True,True,400,3305.2190012672722,0.00013736878140951212,0.00013722495656805258,0.13940502842734645,2.909242593751582e-05,0.002554581730766876,0.0026483169890963434,0.002466839956818622,0.008117841130079394,0,400,0.3669064748201439,0.5409820928426741,26.381975722419156,0,False,False,True,False,0.003790260813249961,,400,0,True,"{'ppo_observation': 400, 'reach_safety': 538, 'grasp_safety': 64, 'place_servo': 74, 'place_descent': 143, 'place_release': 39}","{'rgbd_visual_hold': 903, 'tcp_fk_propagated': 355}","[0.43402278878904776, -0.015541316078823142, 0.315]","[0.49315865768149236, -0.0070839568138443155, 0.315]",0.02729282319739784,0.028265513075797093,0.015017945881392974,0.026856188446831995,0.027415138183803537,0.02781710193219057,0.011655712960152541,0.016057634513244552,success
21,rgbd,True,,True,True,True,True,True,True,505,3502.57716106021,0.0010425263906116916,0.001042506815840199,0.14520395158622754,2.909242593751582e-05,0.0019074284703149969,0.0010574026258355909,0.0012649921304992875,0.00786637245477037,0,505,0.33153638814016173,0.4869882952325487,27.955569221232963,0,False,False,True,False,0.0034103931923431213,,505,0,True,"{'ppo_observation': 505, 'reach_safety': 614, 'grasp_safety': 58, 'place_servo': 137, 'place_descent': 330, 'place_release': 41}","{'rgbd_visual_hold': 1008, 'tcp_fk_propagated': 677}","[0.5843352766452413, 0.042338811828387224, 0.315]","[0.4938516095290371, -0.014366998983775026, 0.315]",0.027327966796406665,0.028266403765184817,0.013210851595612251,0.026255460816380062,0.02806846178860248,0.028317172152773944,0.012705413866576237,0.016514511799165826,success
22,rgbd,True,,True,True,True,True,True,True,420,3198.5050457498037,0.0008268417106406368,0.0008263886260355751,0.1518451846709667,2.909242593757133e-05,0.0035880789043718675,0.005114041283545582,0.0040708051973595465,0.003861132521590615,0,420,0.3726379440665155,0.5409935848298829,31.61650101389023,0,False,False,True,False,0.004786628728637206,,420,0,True,"{'ppo_observation': 420, 'reach_safety': 606, 'grasp_safety': 66, 'place_servo': 57, 'place_descent': 92, 'place_release': 39}","{'rgbd_visual_hold': 1008, 'tcp_fk_propagated': 272}","[0.4599040746296228, -0.12028184824996685, 0.315]","[0.4925247754578308, -0.07343583016299643, 0.315]",0.027307071904683358,0.028265070317397323,0.014924438351499713,0.026954031452616996,0.027581156244223273,0.02808172743302055,0.011705698325621598,0.016156806830461494,success
23,rgbd,True,,True,True,True,True,True,True,436,3302.690800384184,0.001097859427093887,0.0010978438178747272,0.12205743806179187,2.909242593751582e-05,0.0018038718380254243,0.0013142187588465807,0.001051205905319979,0.008077200468941866,0,436,0.35590669676448455,0.48910050319185755,25.367314444599742,0,False,False,True,False,0.003383078914335355,,436,0,True,"{'ppo_observation': 436, 'reach_safety': 592, 'grasp_safety': 58, 'place_servo': 81, 'place_descent': 164, 'place_release': 39}","{'rgbd_visual_hold': 975, 'tcp_fk_propagated': 395}","[0.5581799241972093, 0.05658328835129223, 0.315]","[0.512632408395842, 0.01708020806446999, 0.315]",0.02732126962368461,0.028266317141599415,0.01322728116150155,0.02630503886608469,0.027946888502861034,0.028253095706256306,0.012137108137538658,0.016219913574719545,success
24,rgbd,True,,True,True,True,True,True,True,447,3430.2770442031,0.0001582846164567875,0.0001581543907151252,0.15052900582239445,2.909242593751582e-05,0.002724104464674351,0.0029117685292831723,0.0028128748200185335,0.007972307558004155,0,447,0.3466371027346637,0.5409830910090683,28.293206097155235,0,False,False,True,False,0.003928460833114695,,447,0,True,"{'ppo_observation': 447, 'reach_safety': 556, 'grasp_safety': 66, 'place_servo': 110, 'place_descent': 253, 'place_release': 37}","{'rgbd_visual_hold': 933, 'tcp_fk_propagated': 536}","[0.44908065100079464, -0.037929073744342456, 0.315]","[0.5449820918764139, -0.03407070844625362, 0.315]",0.027296602331894394,0.028265597300685202,0.014949973613944451,0.026823326511733622,0.027474170541968077,0.02785985077274444,0.012240949524611735,0.015851360313929242,success
25,rgbd,True,,True,True,True,True,True,True,480,3320.1004498205425,0.0003130050815408425,0.00031256674103508937,0.12036330528349101,2.909242593751582e-05,0.004188936864377907,0.004779310166200419,0.004501238404524983,0.010714093206030405,0,480,0.36582017844886755,0.5522832166446262,31.731423321195507,0,False,False,True,False,0.005118723377797737,,480,0,True,"{'ppo_observation': 480, 'reach_safety': 652, 'grasp_safety': 66, 'place_servo': 95, 'place_descent': 208, 'place_release': 37}","{'rgbd_visual_hold': 1077, 'tcp_fk_propagated': 461}","[0.3982163699696023, -0.19987518593159856, 0.315]","[0.443694233993782, -0.24952200784669923, 0.315]",0.027301419981654546,0.028260066560549888,0.014498680354940367,0.026690894198463083,0.027373778323987734,0.027846405858693392,0.011204691104757412,0.01585718144896823,success
26,rgbd,True,,True,True,True,True,True,True,421,3162.7483924564967,0.0003787972278406858,0.0003786172420236216,0.15265367536723973,2.909242593757133e-05,0.002701742318834818,0.0020568268109820327,0.0030734578144324767,0.003909115118996781,0,421,0.37415477084898574,0.5409859293487024,32.1710641290083,0,False,False,True,False,0.004056997752953298,,421,0,True,"{'ppo_observation': 421, 'reach_safety': 616, 'grasp_safety': 64, 'place_servo': 53, 'place_descent': 82, 'place_release': 37}","{'rgbd_visual_hold': 1020, 'tcp_fk_propagated': 253}","[0.49747967528147136, -0.1062401904208334, 0.315]","[0.5102932678286743, -0.05233353880002929, 0.315]",0.027308907869948627,0.02826575080677262,0.014725962677908464,0.02675112859697815,0.02781425811189769,0.028079089958704076,0.012072367746676489,0.016133883290853013,success
27,rgbd,True,,True,True,True,True,True,True,466,3247.863638676809,0.000733748506477589,0.0007336707682006126,0.10923910395518902,2.909242593751582e-05,0.0022542313810098203,0.002581236493438827,0.002853534873841539,0.009284913967579814,0,466,0.36149584487534625,0.5409793887694122,31.71162112870661,0,False,False,True,False,0.003846145874847541,,466,0,True,"{'ppo_observation': 466, 'reach_safety': 650, 'grasp_safety': 62, 'place_servo': 79, 'place_descent': 164, 'place_release': 33}","{'rgbd_visual_hold': 1068, 'tcp_fk_propagated': 386}","[0.5593208649430356, -0.07447429111102735, 0.315]","[0.5859504101964218, -0.12790136314229925, 0.315]",0.02731554938591273,0.0282662148265257,0.013649599361849096,0.02630395126496731,0.02807088181366852,0.02833016796331154,0.012821823750690686,0.015839873597240223,success
28,rgbd,True,,True,True,True,True,True,True,478,3445.4306642086303,0.0009368065853986611,0.0009367902067893318,0.1608762158414516,2.909242593751582e-05,0.0014477238778573655,7.376248701731312e-05,0.0006847742517217684,0.007060425043899567,0,478,0.3557483731019523,0.4238019142455219,31.76784118411433,0,False,False,True,False,0.003108581704952948,,478,0,True,"{'ppo_observation': 478, 'reach_safety': 586, 'grasp_safety': 54, 'place_servo': 124, 'place_descent': 293, 'place_release': 39}","{'rgbd_visual_hold': 960, 'tcp_fk_propagated': 614}","[0.6055501807946473, 0.1539571816307454, 0.315]","[0.49656256955193967, 0.13160209467086345, 0.315]",0.02736087994366833,0.028278128943566815,0.013158010742291984,0.02533401648455381,0.028233085473518164,0.02846685866388866,0.014476281597811353,0.01850404714834934,success
29,rgbd,True,,True,True,True,True,True,True,454,3641.77431921277,0.0010116862479724726,0.0010114626773684902,0.1192078469732864,2.909242593751582e-05,0.0030676859686444426,0.0008704976540300995,0.0038062280721427822,0.011128008574128455,0,454,0.32734082397003744,0.5409891220058218,22.712059401475926,0,False,False,True,False,0.004100995826035357,,454,0,True,"{'ppo_observation': 454, 'reach_safety': 486, 'grasp_safety': 68, 'place_servo': 153, 'place_descent': 374, 'place_release': 45}","{'rgbd_visual_hold': 831, 'tcp_fk_propagated': 749}","[0.36501409110622063, 0.0025289194285797456, 0.315]","[0.3737449995652378, -0.08859247723916898, 0.315]",0.027279020419453813,0.02826475706005689,0.01541161219300792,0.027051006176657906,0.026928549714080364,0.02767221696124643,0.009438156723644637,0.016051639517042637,success
30,rgbd,True,,True,True,True,True,True,True,391,3278.1651322393814,0.0004300440445331992,0.00043000752152778476,0.14798933561616304,2.909242593751582e-05,0.002599326807645606,0.00021853116521279462,0.0029844862040587063,0.007059448926255313,0,391,0.37256493506493504,0.540984398811805,26.32012009227128,0,False,False,True,False,0.0038024597716726626,,391,0,True,"{'ppo_observation': 391, 'reach_safety': 534, 'grasp_safety': 66, 'place_servo': 66, 'place_descent': 117, 'place_release': 41}","{'rgbd_visual_hold': 900, 'tcp_fk_propagated': 315}","[0.42073964144375986, -0.028357200533675547, 0.315]","[0.4686794566016117, 0.0031776981722651323, 0.315]",0.027291723082953124,0.028265424895272173,0.015092311982409795,0.026855373711896682,0.027320785891052014,0.027784487111252722,0.011548893739152544,0.016205297880640887,success
31,rgbd,True,,False,True,True,True,True,False,900,4278.468821310804,0.0004584612729701152,0.0004583029982865012,0.15371764017953454,2.909242593751582e-05,0.004557102645079052,0.001785129218871642,0.005007660479380535,0.009841787279306421,0,900,0.2642209398186315,0.5409816772134703,57.3991189222163,403,False,True,True,True,0.025415549200762947,,900,0,True,"{'ppo_observation': 900, 'reach_safety': 726, 'grasp_safety': 66, 'place_servo': 465, 'place_descent': 280, 'place_release': 181}","{'rgbd_visual_hold': 1188, 'tcp_fk_propagated': 1430}","[0.6209515432744581, -0.17292869505534678, 0.315]","[0.7232290912928083, -0.19074938171141773, 0.315]",0.0273373613593583,0.028266553380785406,0.014654121970560489,0.02731769715984664,0.028576028555638847,0.028807171899760082,0.014900922604425604,0.020029655836337344,释放失败
32,rgbd,True,,True,True,True,True,True,True,430,3537.393027126788,0.0005540349165320525,0.000553786052985119,0.11873224596895739,2.909242593757133e-05,0.002386340203720088,0.001315255319833298,0.0025824634716109305,0.010211300210737894,0,430,0.34186046511627904,0.5409820507576308,21.10188042844402,0,False,False,True,False,0.003495622738900871,,430,0,True,"{'ppo_observation': 430, 'reach_safety': 496, 'grasp_safety': 64, 'place_servo': 126, 'place_descent': 297, 'place_release': 41}","{'rgbd_visual_hold': 840, 'tcp_fk_propagated': 614}","[0.3980728491124304, 0.028891798188833556, 0.315]","[0.4335398704985005, -0.04300712163954415, 0.315]",0.0272829423258829,0.028265075746777443,0.015306008436971847,0.0269109741726483,0.02721840892157414,0.027728231308043912,0.01026924082983186,0.01596307020978997,success
33,rgbd,True,,True,True,True,True,True,True,512,3673.882449277651,0.0012194135520903061,0.0012193650196859714,0.12736869580844948,2.909242593751582e-05,0.0014116462863389787,0.0021443807499729518,0.0014575721066781354,0.008201012702805835,0,512,0.3119079837618403,0.5409753323606179,25.537324730164073,0,False,False,True,False,0.0031379010426891727,,512,0,True,"{'ppo_observation': 512, 'reach_safety': 556, 'grasp_safety': 60, 'place_servo': 177, 'place_descent': 452, 'place_release': 39}","{'rgbd_visual_hold': 924, 'tcp_fk_propagated': 872}","[0.48309267108880016, 0.02739647676982257, 0.315]","[0.48636708144087826, -0.09520810805293414, 0.315]",0.027297209841374435,0.028265767103389242,0.014149929071991063,0.026618479185669588,0.027536911163324525,0.027981217944462736,0.011032379021197273,0.015712530169745012,success
34,rgbd,True,,True,True,True,True,True,True,346,3403.238212250124,0.0008056926284143103,0.0008056039607475547,0.16340459217866457,2.909242593751582e-05,0.0007867241610427602,0.0008768318135596001,0.0015896556571078006,0.008563725652083154,0,346,0.35377358490566035,0.5257194771187624,20.29868873820851,0,False,False,True,False,0.002426292112745782,,346,0,True,"{'ppo_observation': 346, 'reach_safety': 420, 'grasp_safety': 60, 'place_servo': 83, 'place_descent': 168, 'place_release': 41}","{'rgbd_visual_hold': 720, 'tcp_fk_propagated': 398}","[0.35120847304791303, 0.14887076570821695, 0.315]","[0.3916367596237975, 0.2053030746500703, 0.315]",0.027269933180212206,0.028265058319477412,0.015384215359937198,0.026807129541827304,0.027173281303787676,0.02770555760032257,0.011484451900254546,0.016234408948036832,success
35,rgbd,True,,True,True,True,True,True,True,458,3489.601412760238,0.00013091293116675992,0.00013077608391966758,0.19838705200374782,2.909242593757133e-05,0.002304299615728957,0.0030348703269446175,0.0024045530658910394,0.005572455044491492,0,458,0.34227701232777374,0.5409806905995876,26.634424098978343,0,False,False,True,False,0.003580931079836987,,458,0,True,"{'ppo_observation': 458, 'reach_safety': 552, 'grasp_safety': 64, 'place_servo': 124, 'place_descent': 283, 'place_release': 49}","{'rgbd_visual_hold': 924, 'tcp_fk_propagated': 606}","[0.4513848676651174, -0.016601777558658826, 0.315]","[0.33348522763967275, 0.024323174242656932, 0.315]",0.027295525658152502,0.028265640125030935,0.014577556605024095,0.0266633543715005,0.02745108491420136,0.027860747687771487,0.011259326351022891,0.016049537554383007,success
36,rgbd,True,,True,True,True,True,True,True,484,3609.4762961714237,0.00032285852734360176,0.00032265470273398495,0.14255094875187616,2.909242593751582e-05,0.003033731817277431,0.0025406906543395517,0.003334869746344776,0.00972443415189685,0,484,0.32200990799716916,0.5409883195655859,26.08444403856356,0,False,False,True,False,0.0042082162806622294,,484,0,True,"{'ppo_observation': 484, 'reach_safety': 530, 'grasp_safety': 66, 'place_servo': 161, 'place_descent': 406, 'place_release': 37}","{'rgbd_visual_hold': 894, 'tcp_fk_propagated': 790}","[0.40418992736725085, -0.04070529570573264, 0.315]","[0.5039879147497963, -0.11001773097711771, 0.315]",0.027290516866425914,0.028265167491513726,0.01529227625161352,0.02701420414136975,0.027120833973946476,0.02774729512268618,0.011344230353832134,0.015840873240883912,success
37,rgbd,True,,True,True,True,True,True,True,412,3197.1908859648147,0.0010348777448496685,0.0010348200610683712,0.1485016985440548,2.909242593751582e-05,0.001737494883106754,0.0007817160969089802,0.001048856008792138,0.005698225816626355,0,412,0.3685446009389671,0.48051394984884116,27.395646200507144,0,False,False,True,False,0.0033295486314844293,,412,0,True,"{'ppo_observation': 412, 'reach_safety': 592, 'grasp_safety': 58, 'place_servo': 57, 'place_descent': 96, 'place_release': 35}","{'rgbd_visual_hold': 975, 'tcp_fk_propagated': 275}","[0.5612459094840709, 0.06466748832098962, 0.315]","[0.5774702654208174, 0.11776344476615458, 0.315]",0.027320760263925284,0.028266233607746334,0.012921007310378117,0.026300141270053052,0.02797383886413329,0.028259339404814586,0.013001182420228071,0.01664646504407699,success
38,rgbd,True,,True,True,True,True,True,True,467,3363.479637417834,0.0010110946043246387,0.0010110944936236389,0.1812705067765022,2.909242593751582e-05,0.0029796705531530488,0.0027293977496588933,0.002755567924750438,0.004531151058555546,0,467,0.3485915492957746,0.5409832543398232,31.55667150370482,0,False,False,True,False,0.004181761454617334,,467,0,True,"{'ppo_observation': 467, 'reach_safety': 612, 'grasp_safety': 64, 'place_servo': 101, 'place_descent': 228, 'place_release': 35}","{'rgbd_visual_hold': 1014, 'tcp_fk_propagated': 493}","[0.49572831345136026, -0.10010565637396898, 0.315]","[0.5671012299903486, -0.019543693416911853, 0.315]",0.027308134707274487,0.028265985762585755,0.014564104475334162,0.0267647665539052,0.027771403800799233,0.028043874492197918,0.013369077817190801,0.015892621482260897,success
39,rgbd,True,,True,True,True,True,True,True,432,3329.110128112174,0.0009591936833213815,0.0009589212519148379,0.11229188639785184,2.909242593751582e-05,0.0021029494499267467,0.002439537662019079,0.002261103098089366,0.00998983914165033,0,432,0.3539622641509434,0.5409783568501001,27.264199098784047,0,False,False,True,False,0.0036430351948884766,,432,0,True,"{'ppo_observation': 432, 'reach_safety': 572, 'grasp_safety': 62, 'place_servo': 87, 'place_descent': 184, 'place_release': 37}","{'rgbd_visual_hold': 951, 'tcp_fk_propagated': 423}","[0.5005135871454225, 0.015734162482595432, 0.315]","[0.5216307057479633, -0.04135538498113252, 0.315]",0.02730272856321839,0.028265611979859655,0.01425931634314719,0.026658704492046933,0.027630516371517533,0.028054617803310464,0.011398306872830302,0.01566815072111118,success
40,rgbd,True,,True,True,True,True,True,True,504,3553.7881044108926,0.0013811394018568687,0.001381132198672053,0.1663088929023855,2.909242593751582e-05,0.001520498997093464,0.0006680814037500162,0.0009646044334798348,0.006338454446895214,0,504,0.32306639288158795,0.4648703655404862,26.72476658121741,0,False,False,True,False,0.0031961996990592066,,504,0,True,"{'ppo_observation': 504, 'reach_safety': 590, 'grasp_safety': 58, 'place_servo': 149, 'place_descent': 364, 'place_release': 43}","{'rgbd_visual_hold': 972, 'tcp_fk_propagated': 736}","[0.5689695485794153, 0.07736598272075212, 0.315]","[0.4523180392632078, 0.03147512514040069, 0.315]",0.027328651789113565,0.028266631743843224,0.013102262340592537,0.026280250939975814,0.028009094954258507,0.028291872438540155,0.012475644324780395,0.01638753350100426,success
41,rgbd,True,,True,True,True,True,True,True,440,3184.830543035642,0.00045150559713468387,0.00045100863285220004,0.1502138018939291,2.909242593751582e-05,0.0011300605755402635,0.0017415148770117386,0.001317887888623012,0.007652727279309057,0,440,0.3688888888888889,0.4509391731642695,33.90565986103593,0,False,False,True,False,0.0030724143883579195,,440,0,True,"{'ppo_observation': 440, 'reach_safety': 624, 'grasp_safety': 58, 'place_servo': 62, 'place_descent': 115, 'place_release': 31}","{'rgbd_visual_hold': 1023, 'tcp_fk_propagated': 307}","[0.6362453308886014, 0.10717283625423973, 0.315]","[0.6083041239302394, 0.16035755355077538, 0.315]",0.02735925408741336,0.02827206848475087,0.012795684332481901,0.024563988725233965,0.028375874961214284,0.02855232971940615,0.014791359604260389,0.018543353970577,success
42,rgbd,True,,True,True,True,True,True,True,490,3347.935236348262,0.00045648466293427454,0.0004563303318188172,0.19520641409317707,2.909242593751582e-05,0.002145852193239002,0.0012584363895496431,0.0024734962635768513,0.005963472458211748,0,490,0.3463875759621877,0.5353469247200446,31.274295128238464,0,False,False,True,False,0.0037105810256425086,,490,0,True,"{'ppo_observation': 490, 'reach_safety': 642, 'grasp_safety': 62, 'place_servo': 106, 'place_descent': 247, 'place_release': 31}","{'rgbd_visual_hold': 1056, 'tcp_fk_propagated': 522}","[0.582186814566789, -0.024448624099179084, 0.315]","[0.620724967620555, 0.08780828037525826, 0.315]",0.027320457218042604,0.02826627084284254,0.013171448781410112,0.026266925008011522,0.028127913066139647,0.028334957186443174,0.015056242538432012,0.016978958109232195,success
43,rgbd,True,,True,True,True,True,True,True,464,3116.186910644838,0.0011111973500956842,0.0011111911464315339,0.14866983988735985,2.909242593751582e-05,0.00787887582423342,0.0006677371093404164,0.007804559543924166,0.01065793233676563,0,464,0.3726027397260274,0.5409842251299019,42.526457404769644,0,False,False,True,False,0.00824054089449002,,464,0,True,"{'ppo_observation': 464, 'reach_safety': 680, 'grasp_safety': 76, 'place_servo': 54, 'place_descent': 87, 'place_release': 35}","{'rgbd_visual_hold': 1134, 'tcp_fk_propagated': 262}","[0.5456897788102733, -0.18248987054440136, 0.315]","[0.5182557442089478, -0.13878428714445956, 0.315]",0.02732382772331525,0.028266291172726492,0.017060185209474447,0.029225512988016168,0.02825732965980536,0.028709049762519707,0.012650380435255959,0.01654240726223352,success
44,rgbd,True,,True,True,True,True,True,True,439,3366.797005395533,0.0006071164354464124,0.0006071153401580143,0.16721689996315356,2.909242593751582e-05,0.005046745934886372,0.003838835662713583,0.004474243556556968,0.0103802445743695,0,439,0.35714285714285715,0.5409910219229414,27.574794828382437,0,False,False,True,False,0.005735805650312996,,439,0,True,"{'ppo_observation': 439, 'reach_safety': 572, 'grasp_safety': 68, 'place_servo': 94, 'place_descent': 195, 'place_release': 47}","{'rgbd_visual_hold': 960, 'tcp_fk_propagated': 455}","[0.3867696529021615, -0.0967547700908908, 0.315]","[0.30584890927699016, -0.08088787598776262, 0.315]",0.027278089227027794,0.028265149771396065,0.01444003080426133,0.02674595588914611,0.027035979399849662,0.027729777820597525,0.010179400146827139,0.015971069078814897,success
45,rgbd,True,,True,True,True,True,True,True,452,3368.516859624441,0.000615953932517088,0.0006159295207865355,0.1965841752504592,2.909242593751582e-05,0.0014883773631876867,0.0021443269454960493,0.001574805344420204,0.004827464887239872,0,452,0.3462099125364432,0.538244818279978,26.128196303294317,0,False,False,True,False,0.0031700366621808733,,452,0,True,"{'ppo_observation': 452, 'reach_safety': 588, 'grasp_safety': 60, 'place_servo': 100, 'place_descent': 221, 'place_release': 39}","{'rgbd_visual_hold': 972, 'tcp_fk_propagated': 488}","[0.5219391970842517, 0.011396458068081122, 0.315]","[0.47994723388043314, 0.11424640582062792, 0.315]",0.027306723280455514,0.02826610664789718,0.013692898015716949,0.026507675629283238,0.02779706759042885,0.028103160644744288,0.013400941180503839,0.01619935010841052,success
46,rgbd,True,,True,True,True,True,True,True,502,3153.5030181228835,0.0009606114438530514,0.0009604557696287349,0.14979887761372318,2.909242593751582e-05,0.0072127261901117675,0.0012194793081077566,0.008173070592616134,0.0035258137123676944,0,502,0.37278481012658227,0.5409825358846618,42.06713534149094,0,False,False,True,False,0.007282665833026037,,502,0,True,"{'ppo_observation': 502, 'reach_safety': 726, 'grasp_safety': 74, 'place_servo': 63, 'place_descent': 120, 'place_release': 29}","{'rgbd_visual_hold': 1200, 'tcp_fk_propagated': 314}","[0.6216812830070937, -0.16910928271530273, 0.315]","[0.673450260009774, -0.11934971672813849, 0.315]",0.027337509691934624,0.028266447207915033,0.015795178228856458,0.029253810212015577,0.02858383056211372,0.02886842647373791,0.015076561108850908,0.018935007579953353,success
47,rgbd,True,,True,True,True,True,True,True,461,3422.9288896372022,0.0015139638715409645,0.001513950826359919,0.13282580880377154,2.909242593751582e-05,0.0014845628842337182,0.0004273621604727833,0.0009039607235252911,0.007270194336401378,0,461,0.3387096774193548,0.4423224123889666,27.41501894782232,0,False,False,True,False,0.0030545758688935646,,461,0,True,"{'ppo_observation': 461, 'reach_safety': 584, 'grasp_safety': 56, 'place_servo': 110, 'place_descent': 251, 'place_release': 39}","{'rgbd_visual_hold': 960, 'tcp_fk_propagated': 541}","[0.5725405983927682, 0.10146752684784316, 0.315]","[0.5032016687463166, 0.048566941657657244, 0.315]",0.02733034795797128,0.02826647304610842,0.01287568965630427,0.026267291272195487,0.028034426769596357,0.028299377843309104,0.012791267175548142,0.017251777057839205,success
48,rgbd,True,,True,True,True,True,True,True,416,3369.8318815777075,0.0005010085468245849,0.0005009744795183451,0.17826686313145604,2.909242593751582e-05,0.0013594932623533264,0.002288245301441247,0.0015113035192042593,0.006026294706330887,0,416,0.35395458104933436,0.5409738669616472,25.279180480701143,0,False,False,True,False,0.0031801682245036914,,416,0,True,"{'ppo_observation': 416, 'reach_safety': 540, 'grasp_safety': 60, 'place_servo': 90, 'place_descent': 191, 'place_release': 39}","{'rgbd_visual_hold': 900, 'tcp_fk_propagated': 436}","[0.46630996168567834, 0.038309396011736, 0.315]","[0.4974438497474215, 0.12392848135616627, 0.315]",0.027296027087448327,0.028265782786854213,0.014552368482879312,0.02663865179802212,0.027494731612023572,0.027945810381486004,0.012537814925537539,0.016092023294224104,success
49,rgbd,True,,True,True,True,True,True,True,413,3366.250084354746,0.0008216137412667257,0.0008216137391144511,0.16314619042348624,2.909242593751582e-05,0.00189312942939015,0.002904670145394531,0.0014133962614979528,0.006381440331083968,0,413,0.3548387096774194,0.5409731713183732,25.353742491762205,0,False,False,True,False,0.003306956152343615,,413,0,True,"{'ppo_observation': 413, 'reach_safety': 536, 'grasp_safety': 62, 'place_servo': 88, 'place_descent': 185, 'place_release': 39}","{'rgbd_visual_hold': 897, 'tcp_fk_propagated': 426}","[0.4588562576828409, 0.03728690406789292, 0.315]","[0.5168518725931384, 0.0943422293785606, 0.315]",0.02729233325911993,0.028265855377749186,0.01423656473446581,0.026653594761701115,0.02746335866586093,0.027890231057374846,0.012276989940935169,0.015999836016672528,success
50,rgbd,True,,True,True,True,True,True,True,449,3370.1422266976992,0.0010333814018621784,0.001033326687486505,0.1619166938234398,2.909242593751582e-05,0.0013674742525473873,0.0003773575992409455,0.0007750520319826307,0.006071572531696815,0,449,0.3438202247191011,0.42577660400153516,29.44518955193098,0,False,False,True,False,0.0029489824780292474,,449,0,True,"{'ppo_observation': 449, 'reach_safety': 580, 'grasp_safety': 56, 'place_servo': 99, 'place_descent': 218, 'place_release': 39}","{'rgbd_visual_hold': 954, 'tcp_fk_propagated': 487}","[0.5862268075659871, 0.13346773383343302, 0.315]","[0.49369711813439143, 0.14904874019055783, 0.315]",0.027345816809935312,0.028271124547535022,0.013039706482162761,0.02615537605479158,0.02813360438011605,0.028373674331538975,0.014110075582358002,0.01838045227023227,success
51,rgbd,True,,True,True,True,True,True,True,510,3270.786869404267,0.0003592779961045451,0.00035922455281736594,0.10492914003884685,2.909242593751582e-05,0.0036957713100918897,0.0011840790757654351,0.00339924672553979,0.011664008237177502,0,510,0.3595933926302414,0.5409759284612031,33.38629697479291,0,False,False,True,False,0.004240949393677192,,510,0,True,"{'ppo_observation': 510, 'reach_safety': 696, 'grasp_safety': 62, 'place_servo': 94, 'place_descent': 211, 'place_release': 31}","{'rgbd_visual_hold': 1137, 'tcp_fk_propagated': 467}","[0.6327323588811251, -0.07714465568450396, 0.315]","[0.6206814794864124, -0.14649798791625085, 0.315]",0.027333425090813795,0.028266651417668383,0.013557740893657414,0.02574363653275537,0.028444097488617363,0.02859448936583873,0.014737645437538388,0.018156169224536233,success
52,rgbd,True,,True,True,True,True,True,True,458,3401.5640464697044,0.0003183097464982263,0.0003183072823504111,0.15896369337336017,2.909242593751582e-05,0.0017653863393504274,0.001971967932292325,0.0014823179374727892,0.006570476760287071,0,458,0.3439536567704562,0.5221354476092424,25.297286086491113,0,False,False,True,False,0.0032891406277156475,,458,0,True,"{'ppo_observation': 458, 'reach_safety': 588, 'grasp_safety': 60, 'place_servo': 105, 'place_descent': 232, 'place_release': 43}","{'rgbd_visual_hold': 972, 'tcp_fk_propagated': 514}","[0.5347288864407298, 0.029690518254116782, 0.315]","[0.44323917916594663, 0.02601553626371246, 0.315]",0.02731136975324718,0.028266277322855318,0.013543976610361523,0.026371550591676753,0.027833848501709064,0.02814254980995454,0.01202285857257514,0.01585538927200929,success
53,rgbd,True,,True,True,True,True,True,True,354,3389.653544405206,0.002134701490120572,0.0021346586375740875,0.17224290106044482,2.909242593751582e-05,0.0036788153603602085,0.001079552770425114,0.0033334228164742575,0.002982264194573339,0,354,0.369702434625789,0.540976305339515,20.081499945010364,0,False,False,True,False,0.004340304851838873,,354,0,True,"{'ppo_observation': 354, 'reach_safety': 442, 'grasp_safety': 66, 'place_servo': 77, 'place_descent': 144, 'place_release': 47}","{'rgbd_visual_hold': 762, 'tcp_fk_propagated': 368}","[0.3533380983692799, 0.08756426150708035, 0.315]","[0.2835087563782277, 0.11878300448801637, 0.315]",0.02726798128343452,0.028264915762117617,0.015953383536657914,0.02697838682093497,0.027118420629691286,0.027656610376104035,0.010666058935599156,0.016241094269047025,success
54,rgbd,True,,True,True,True,True,True,True,384,3293.51260464276,0.0006946847664878449,0.0006944791084469837,0.1462110647572906,2.909242593751582e-05,0.0030329446137278425,0.002236701564257319,0.0026060956714988545,0.008204750542658719,0,384,0.37355371900826445,0.5409832607362253,25.82977769167428,0,False,False,True,False,0.004054513595979815,,384,0,True,"{'ppo_observation': 384, 'reach_safety': 518, 'grasp_safety': 64, 'place_servo': 68, 'place_descent': 123, 'place_release': 41}","{'rgbd_visual_hold': 873, 'tcp_fk_propagated': 325}","[0.41673546340156853, 0.0074319883531814845, 0.315]","[0.46656536923144787, 0.033791402120115055, 0.315]",0.02728832095191546,0.02826518339059929,0.015255745037671766,0.026881754178481827,0.02724973694102584,0.02777016570414744,0.01144666441560819,0.016193673656942492,success
55,rgbd,True,,True,True,True,True,True,True,441,3312.7282875808073,0.0015332741225890084,0.0015332646701087555,0.10693495283052931,2.909242593751582e-05,0.0018129966537091368,0.0005316776107186894,0.001089102262547474,0.009511494056463824,0,441,0.3450920245398773,0.4145999915644459,30.9856237674735,0,False,False,True,False,0.0033277760900178675,,441,0,True,"{'ppo_observation': 441, 'reach_safety': 584, 'grasp_safety': 56, 'place_servo': 87, 'place_descent': 188, 'place_release': 33}","{'rgbd_visual_hold': 960, 'tcp_fk_propagated': 429}","[0.5996756550364852, 0.14825824468653653, 0.315]","[0.5912604140331823, 0.0813161563538537, 0.315]",0.027355085446774466,0.02827625566527971,0.013131742238022567,0.025446562014572287,0.028249081331727613,0.02843679382321995,0.013891025448529555,0.017958944157783478,success
56,rgbd,True,,True,True,True,True,True,True,545,3392.9491287338733,0.00036101148024641073,0.0003608370160513916,0.21191126021310586,2.909242593751582e-05,0.012926440687475338,0.0004920772741440787,0.013056566891638675,0.007907135605850395,0,545,0.34068627450980393,0.540986353683307,43.28577933140423,0,False,False,True,False,0.013016666428266837,,545,0,True,"{'ppo_observation': 545, 'reach_safety': 698, 'grasp_safety': 90, 'place_servo': 117, 'place_descent': 278, 'place_release': 33}","{'rgbd_visual_hold': 1182, 'tcp_fk_propagated': 579}","[0.567837814989062, -0.19323887420854274, 0.315]","[0.5882494954408686, -0.06640676256355513, 0.315]",0.027328590376816408,0.0282661305224057,0.01890759963831002,0.029280750568617203,0.02836137639002559,0.028716590027590576,0.015139743736687427,0.017181961475730145,success
57,rgbd,True,,True,True,True,True,True,True,509,3463.5476481939204,0.00017727686853701363,0.0001768837258634816,0.12402601905230438,2.909242593751582e-05,0.0023687215894909438,0.0019607144465844262,0.0024992629110463303,0.010112229074311793,0,509,0.3300066533599468,0.538789374637413,31.537211751727682,0,False,False,True,False,0.0035995292214682927,,509,0,True,"{'ppo_observation': 509, 'reach_safety': 620, 'grasp_safety': 62, 'place_servo': 138, 'place_descent': 343, 'place_release': 31}","{'rgbd_visual_hold': 1023, 'tcp_fk_propagated': 680}","[0.5552500109466625, -0.012675212712972617, 0.315]","[0.6183006762396076, -0.1115872803373378, 0.315]",0.027314397086283693,0.028266143554562362,0.013509233449740896,0.026318405706604354,0.02800589905193575,0.028268756952822695,0.013861768270717332,0.016058672391365127,success
58,rgbd,True,,True,True,True,True,True,True,395,3456.3391280214973,0.0011992603407953253,0.0011992081486249858,0.11765194458479068,2.909242593751582e-05,0.00073260858272544,0.0010402870907510276,0.0019301400924377052,0.0076537731936372755,0,395,0.340084388185654,0.47063210791004584,24.26876677702785,0,False,False,True,False,0.0027783157782106014,,395,0,True,"{'ppo_observation': 395, 'reach_safety': 480, 'grasp_safety': 58, 'place_servo': 100, 'place_descent': 217, 'place_release': 43}","{'rgbd_visual_hold': 807, 'tcp_fk_propagated': 486}","[0.44270354016987346, 0.15193344369230838, 0.315]","[0.4247659795003144, 0.08484265713558543, 0.315]",0.02729878828536051,0.028265820003789806,0.014418665691580922,0.026638240247461035,0.02743603587885412,0.027894408407915624,0.010384086066753789,0.01582344877673082,success
59,rgbd,True,,True,True,True,True,True,True,406,3310.9976734003403,0.0011317490071140733,0.0011317486862235174,0.11401997736386972,2.909242593751582e-05,0.000463408754312698,0.0011376837179447295,0.0010779106129849266,0.00822270898490195,0,406,0.35106382978723405,0.4418404297088996,26.121272535147455,0,False,False,True,False,0.002850104397334057,,406,0,True,"{'ppo_observation': 406, 'reach_safety': 542, 'grasp_safety': 56, 'place_servo': 78, 'place_descent': 159, 'place_release': 35}","{'rgbd_visual_hold': 897, 'tcp_fk_propagated': 379}","[0.5263241475999093, 0.1304264672795341, 0.315]","[0.5689306216345836, 0.08910136549094647, 0.315]",0.027324992356001308,0.028266472306550758,0.013677374845071281,0.0263403593037846,0.027834415121156662,0.028152652072494715,0.01239129259741384,0.015551222777010881,success
60,rgbd,True,,True,True,True,True,True,True,468,3210.6867085240488,0.0006576504073719383,0.0006575901918687694,0.1441143735928456,2.909242593751582e-05,0.006790952003956869,0.005464950649704618,0.007437880612387233,0.01283168786555602,0,468,0.36256906077348067,0.5409944413406038,34.65084930245848,0,False,False,True,False,0.007156002493301316,,468,0,True,"{'ppo_observation': 468, 'reach_safety': 662, 'grasp_safety': 72, 'place_servo': 73, 'place_descent': 138, 'place_release': 41}","{'rgbd_visual_hold': 1101, 'tcp_fk_propagated': 353}","[0.4472851438103829, -0.1891414432419982, 0.315]","[0.39300448878691907, -0.18589466128053742, 0.315]",0.027312023661473946,0.028265082206802225,0.01489740085426311,0.02684990909216627,0.027664491366607737,0.027962133206486984,0.010798368973980243,0.01584347725685033,success
61,rgbd,True,,True,True,True,True,True,True,412,3417.069391387889,0.0012452170953441038,0.0012451097528173966,0.1893051981620847,2.909242593751582e-05,0.00011930331823226967,0.0008276987343410353,0.001136149415778957,0.007737186709895584,0,412,0.34006462035541196,0.4973485693336136,22.555101910916164,0,False,False,True,False,0.002696070211374328,,412,0,True,"{'ppo_observation': 412, 'reach_safety': 510, 'grasp_safety': 58, 'place_servo': 102, 'place_descent': 229, 'place_release': 37}","{'rgbd_visual_hold': 852, 'tcp_fk_propagated': 496}","[0.46231228486329234, 0.1087742472769066, 0.315]","[0.48863226877012184, 0.2090696853264885, 0.315]",0.027296282049783988,0.028265669361350994,0.013991847803732938,0.026629945252496814,0.02750146598436482,0.027942842818469475,0.01275945244861438,0.01600553463952621,success
62,rgbd,True,,True,True,True,True,True,True,484,3548.7493168863734,6.217669797086212e-05,6.0176787865133846e-05,0.11916260740894805,2.909242593751582e-05,0.0010604608073984723,0.0003528520813880616,0.0010044970735027324,0.009027105596680282,0,484,0.31922525107604016,0.4658452835867972,24.576253512415406,0,False,False,True,False,0.0030069041731807934,,484,0,True,"{'ppo_observation': 484, 'reach_safety': 560, 'grasp_safety': 58, 'place_servo': 146, 'place_descent': 363, 'place_release': 35}","{'rgbd_visual_hold': 927, 'tcp_fk_propagated': 719}","[0.5327960500573494, 0.09910932160607167, 0.315]","[0.5592923991308985, -0.010180423376310782, 0.315]",0.027319803533612724,0.028266076147754303,0.013185671651746734,0.026343118269504213,0.027838224431880346,0.028166101256939947,0.01258889531629635,0.015526025736126558,success
63,rgbd,True,,True,True,True,True,True,True,392,3305.0134229998066,0.0010326094439666107,0.0010326090949046747,0.1326114254245622,2.909242593757133e-05,0.0016223005152740057,0.0016166426338209865,0.0022549958555591913,0.009486075590174977,0,392,0.33770778652668415,0.42322618090940894,29.97694136074142,0,False,False,True,False,0.0032246090080545907,,392,0,True,"{'ppo_observation': 392, 'reach_safety': 514, 'grasp_safety': 58, 'place_servo': 77, 'place_descent': 158, 'place_release': 33}","{'rgbd_visual_hold': 858, 'tcp_fk_propagated': 374}","[0.5180238115686703, 0.19690354754384953, 0.315]","[0.5837225268289563, 0.19908706250271319, 0.315]",0.027337092775068593,0.028275797303067875,0.013748437103164033,0.026319648484147824,0.028008591367888396,0.028169797420491277,0.013046361736796748,0.016251088145171295,success
64,rgbd,True,,True,True,True,True,True,True,462,3175.0107060529886,0.0002300990487545432,0.00022985456726793774,0.10416822242879516,2.909242593751582e-05,0.0027013552663495643,0.0005855082999451463,0.002581782176885332,0.010202010872416362,0,462,0.37160751565762007,0.4890048923659512,34.53175132773504,0,False,False,True,False,0.003126218860939252,,462,0,True,"{'ppo_observation': 462, 'reach_safety': 660, 'grasp_safety': 60, 'place_servo': 66, 'place_descent': 127, 'place_release': 31}","{'rgbd_visual_hold': 1080, 'tcp_fk_propagated': 326}","[0.6330480358221211, 0.009335851656297078, 0.315]","[0.6561215561542546, -0.0408730608356193, 0.315]",0.027340764751752428,0.028266479098319267,0.012894035779503535,0.02542161733723141,0.028351070582801768,0.02856968814220198,0.014161571056018049,0.01804005100180352,success
65,rgbd,True,,True,True,True,True,True,True,435,3579.5332621977027,0.0003953788819112405,0.00039481417529426544,0.12116631134356932,2.909242593757133e-05,0.004060711967773375,0.0017751654639787597,0.0038304780958451213,0.012038259223386926,0,435,0.33641975308641975,0.5409887630018518,22.689255595960276,0,False,False,True,False,0.0047620901551253415,,435,0,True,"{'ppo_observation': 435, 'reach_safety': 484, 'grasp_safety': 68, 'place_servo': 135, 'place_descent': 320, 'place_release': 45}","{'rgbd_visual_hold': 828, 'tcp_fk_propagated': 659}","[0.3642174456390413, 0.007288871015834697, 0.315]","[0.35353364259500863, -0.07198310443385705, 0.315]",0.027278552857300718,0.02826475446670567,0.015410518213496116,0.027062546461687608,0.02692746228979201,0.027656603141157404,0.00916281583727665,0.01605045997462777,success
66,rgbd,True,,True,True,True,True,True,True,432,3150.4880065825355,0.001281877712928195,0.0012818618012239132,0.13952503802101635,2.909242593751582e-05,0.0017961172549088378,0.0008827034493926738,0.0013740245503455187,0.006320584737931247,0,432,0.3817243920412675,0.4354149310526512,36.18242043992586,0,False,False,True,False,0.003274652833167807,,432,0,True,"{'ppo_observation': 432, 'reach_safety': 628, 'grasp_safety': 58, 'place_servo': 54, 'place_descent': 93, 'place_release': 29}","{'rgbd_visual_hold': 1029, 'tcp_fk_propagated': 265}","[0.6271201633807795, 0.07712725244973073, 0.315]","[0.6667859883642862, 0.11642286569532362, 0.315]",0.027348274197759054,0.028266619671177964,0.012809655886118373,0.02523593006857248,0.02830006005290398,0.02851316307606044,0.014185623679521874,0.01855312214869985,success
67,rgbd,True,,True,True,True,True,True,True,506,3411.7556492987414,0.0005588474417841875,0.000558722836627139,0.11467117899015299,2.909242593757133e-05,0.0069497322726147625,0.005437918727372472,0.007239972710704373,0.013934829059168404,0,506,0.3357615894039735,0.5409911600336742,40.1276390452158,0,False,False,True,False,0.007347310771277882,,506,0,True,"{'ppo_observation': 506, 'reach_safety': 632, 'grasp_safety': 74, 'place_servo': 125, 'place_descent': 300, 'place_release': 35}","{'rgbd_visual_hold': 1059, 'tcp_fk_propagated': 613}","[0.4742994499706757, -0.14922467911996973, 0.315]","[0.5009511782492689, -0.2363586083054664, 0.315]",0.02731266134024611,0.028265436021163073,0.016050895314774848,0.028973016824606367,0.02783788080014851,0.028556779228045368,0.011951997663412385,0.01562682835588846,success
68,rgbd,True,,True,True,True,True,True,True,424,3424.848515271905,0.0010897822391069988,0.0010897811957951452,0.17749993927679797,2.909242593751582e-05,0.0009634700652561769,0.0010286062660252425,0.0018693498254894203,0.007994504791420703,0,424,0.33146517213771015,0.45117376215949584,28.93906587667925,0,False,False,True,False,0.00266386878345445,,424,0,True,"{'ppo_observation': 424, 'reach_safety': 520, 'grasp_safety': 58, 'place_servo': 108, 'place_descent': 251, 'place_release': 33}","{'rgbd_visual_hold': 867, 'tcp_fk_propagated': 527}","[0.4953100174539699, 0.1393305098212343, 0.315]","[0.568190643106481, 0.21335644437045442, 0.315]",0.027311846296210102,0.028266322171339384,0.013468484586621022,0.026386036577884905,0.02774159434769691,0.028052820744102577,0.013363525331998418,0.015844320073570308,success
69,rgbd,True,,True,True,True,True,True,True,463,3399.485319168416,0.00019492515607631114,0.00019483331561998753,0.20151800174724366,2.909242593751582e-05,0.0019565803380539645,0.0022793846226328617,0.001904940554541128,0.004918914112512574,0,463,0.3417085427135678,0.5379456707190389,27.178370633351733,0,False,False,True,False,0.0034488073909058805,,463,0,True,"{'ppo_observation': 463, 'reach_safety': 590, 'grasp_safety': 62, 'place_servo': 109, 'place_descent': 250, 'place_release': 37}","{'rgbd_visual_hold': 978, 'tcp_fk_propagated': 533}","[0.5241117125647025, 0.010740814327778236, 0.315]","[0.5355077613060417, 0.12939172599253684, 0.315]",0.027307896332677314,0.02826611012712664,0.013566501884313686,0.02657451954397381,0.027837700335178833,0.02809542726202645,0.013763708841007487,0.015998743516238548,success
70,rgbd,True,,True,True,True,True,True,True,393,3346.305309450568,0.0008328371423118099,0.0008328365594192805,0.15841594208234974,2.909242593751582e-05,0.0009554159100583738,0.0016655773250957085,0.0010535498883020075,0.003609706914069507,0,393,0.3572607260726073,0.5131210986592507,22.55224641882978,0,False,False,True,False,0.0028475836712592503,,393,0,True,"{'ppo_observation': 393, 'reach_safety': 518, 'grasp_safety': 58, 'place_servo': 79, 'place_descent': 152, 'place_release': 45}","{'rgbd_visual_hold': 864, 'tcp_fk_propagated': 381}","[0.4642204535645429, 0.08952234036480178, 0.315]","[0.3902470314533207, 0.10594810024319197, 0.315]",0.027297542520901233,0.028265959766495586,0.014317458016015272,0.02663116099936261,0.027492703130023124,0.027951920160962488,0.011474080978916428,0.016099760446891532,success
71,rgbd,True,,True,True,True,True,True,True,432,3465.6100950909695,0.0004355452198618828,0.00043550493734413614,0.18733654270281172,2.909242593751582e-05,0.0022794167861636392,0.0024787788155125954,0.002495813302014664,0.006992305615578711,0,432,0.345565749235474,0.5409796219624343,24.28926489738842,0,False,False,True,False,0.00362198122579963,,432,0,True,"{'ppo_observation': 432, 'reach_safety': 522, 'grasp_safety': 64, 'place_servo': 114, 'place_descent': 263, 'place_release': 39}","{'rgbd_visual_hold': 879, 'tcp_fk_propagated': 555}","[0.4260241032311908, 0.011015534258570325, 0.315]","[0.49947443348547543, 0.09407686658699223, 0.315]",0.02728935998308896,0.028265490913671847,0.015216740848204444,0.02688710735792245,0.02730541797100934,0.027802576437828425,0.012272110184210342,0.016065234955415703,success
72,rgbd,True,,True,True,True,True,True,True,533,3251.129586457032,0.00058761739425298,0.0005876151829087435,0.11723897441838904,2.909242593751582e-05,0.0076753200642370924,0.0021137111694087556,0.007379523492253103,0.015369028718645327,0,533,0.35279655808236016,0.5409813968470434,43.19510613061993,0,False,False,True,False,0.008152188191529559,,533,0,True,"{'ppo_observation': 533, 'reach_safety': 720, 'grasp_safety': 74, 'place_servo': 99, 'place_descent': 224, 'place_release': 33}","{'rgbd_visual_hold': 1191, 'tcp_fk_propagated': 492}","[0.6013510203421399, -0.19732995092863628, 0.315]","[0.5497394733120812, -0.24239292182228528, 0.315]",0.027335028103454926,0.02826667739364479,0.016613356711925476,0.02933970377978311,0.02852346725087291,0.02885333175096611,0.014439622668948594,0.018211223613868264,success
73,rgbd,True,,True,True,True,True,True,True,451,3323.5128030790165,0.0008704975936893208,0.0008704721238024941,0.15195049470058114,2.909242593751582e-05,0.002165251288736678,0.0031280623455210185,0.0030313632934954415,0.007408871073531276,0,451,0.3578113750899928,0.5409826418094961,31.436049189647747,0,False,False,True,False,0.003688673927757387,,451,0,True,"{'ppo_observation': 451, 'reach_safety': 606, 'grasp_safety': 64, 'place_servo': 88, 'place_descent': 181, 'place_release': 43}","{'rgbd_visual_hold': 1005, 'tcp_fk_propagated': 428}","[0.49779085678645785, -0.07865298485542792, 0.315]","[0.42661608134788537, -0.07199588558143358, 0.315]",0.027306904099471667,0.0282659049620443,0.014563439572608295,0.026597391967788233,0.027764602490975888,0.02804796795251359,0.011341232657486142,0.015836302645706065,success
74,rgbd,True,,True,True,True,True,True,True,483,3297.097972878206,0.0011521419668075025,0.0011521350239754144,0.17829149523694826,2.909242593751582e-05,0.002719649585742569,0.0004916283218073913,0.001969598950140546,0.006411814027522421,0,483,0.3567052416609939,0.4971394390793546,36.276167604688,0,False,False,True,False,0.0031106004879591317,,483,0,True,"{'ppo_observation': 483, 'reach_safety': 650, 'grasp_safety': 58, 'place_servo': 94, 'place_descent': 213, 'place_release': 29}","{'rgbd_visual_hold': 1062, 'tcp_fk_propagated': 465}","[0.6183134805316721, 0.008288380072767915, 0.315]","[0.6689285438121848, 0.09926910807638317, 0.315]",0.02733486169716025,0.028266744728289092,0.01308573317117839,0.026095559445727484,0.028247493685823064,0.028498881062275012,0.01569616186840224,0.018340151869252485,success
75,rgbd,True,,True,True,True,True,True,True,462,3369.3612310972658,0.00042288331571786134,0.00042255939432877263,0.19028945160413369,2.909242593757133e-05,0.004941815682203508,0.004925825464834725,0.004890387978618585,0.0028235886716713563,0,462,0.35185185185185186,0.5409952512811628,27.92737422373466,0,False,False,True,False,0.0055190447934681695,,462,0,True,"{'ppo_observation': 462, 'reach_safety': 612, 'grasp_safety': 70, 'place_servo': 96, 'place_descent': 207, 'place_release': 41}","{'rgbd_visual_hold': 1023, 'tcp_fk_propagated': 465}","[0.4139875044578593, -0.13874838126801894, 0.315]","[0.45534642588834584, -0.04426395564219261, 0.315]",0.027299269869468092,0.02826486530306304,0.013860459837448318,0.026689718976577733,0.027471339143006878,0.027823247211256178,0.012327304002205568,0.016253257918633413,success
76,rgbd,True,,True,True,True,True,True,True,442,3347.4136631592855,0.0007736779005714979,0.0007735840270030957,0.18329369853004948,2.909242593751582e-05,0.0003389379737804652,0.0006528403120821229,0.0011034859699063538,0.007456418694987178,0,442,0.31713147410358566,0.42592111273771366,36.32599748655002,0,False,False,True,False,0.002524075694714607,,442,0,True,"{'ppo_observation': 442, 'reach_safety': 566, 'grasp_safety': 56, 'place_servo': 97, 'place_descent': 222, 'place_release': 29}","{'rgbd_visual_hold': 933, 'tcp_fk_propagated': 479}","[0.5918994527472486, 0.19420932247037015, 0.315]","[0.6109261132788318, 0.29705614219056964, 0.315]",0.027356969992924626,0.02828644319420466,0.012909567741633104,0.024818240962854773,0.028289081765997565,0.02844541008263781,0.015837635401822325,0.01859455542094707,success
77,rgbd,True,,True,True,True,True,True,True,459,3275.4282010409966,0.0008355262005928682,0.0008350988163352703,0.10977291758710132,2.909242593751582e-05,0.0022585787172473594,0.0004936282207004715,0.0023255523507124012,0.010175399750442453,0,459,0.3537803138373752,0.5036143194705905,30.943153365129547,0,False,False,True,False,0.003799661638168164,,459,0,True,"{'ppo_observation': 459, 'reach_safety': 624, 'grasp_safety': 62, 'place_servo': 84, 'place_descent': 181, 'place_release': 31}","{'rgbd_visual_hold': 1029, 'tcp_fk_propagated': 412}","[0.5857796925627479, 0.020468782320126083, 0.315]","[0.6209579343911461, -0.0394835168369097, 0.315]",0.02732446562604755,0.028265955823229508,0.01322879797451885,0.026322732151183637,0.02811997743105015,0.028354034764378602,0.013560291430473744,0.016653385728308604,success
78,rgbd,True,,True,True,True,True,True,True,389,3362.7711625919956,0.0008943462371673233,0.0008943454681100589,0.182038623831535,2.909242593751582e-05,0.0015120662793387254,0.0014279237602767443,0.0022994085696838996,0.00458325867388642,0,389,0.34506437768240344,0.4381395545679138,27.475653589361173,0,False,False,True,False,0.0030197214829034117,,389,0,True,"{'ppo_observation': 389, 'reach_safety': 496, 'grasp_safety': 60, 'place_servo': 84, 'place_descent': 173, 'place_release': 39}","{'rgbd_visual_hold': 834, 'tcp_fk_propagated': 407}","[0.47565892634909657, 0.16605412151580096, 0.315]","[0.4280590680379046, 0.2441388954082846, 0.315]",0.027314361485257774,0.02826634104013788,0.01395035701491164,0.026403722152791905,0.02774953121526851,0.028004008432572752,0.012973080581029143,0.01624189849601419,success
79,rgbd,True,,True,True,True,True,True,True,603,3490.8620675921843,0.0006078243484716223,0.0006078138191316157,0.1646769432849052,2.909242593751582e-05,0.005053120321865813,0.0019057842215312786,0.004570472930626587,0.011756058055273994,0,603,0.3325880380100615,0.5409780381206852,36.99714026059701,0,False,False,True,False,0.005900313300456506,,603,0,True,"{'ppo_observation': 603, 'reach_safety': 730, 'grasp_safety': 64, 'place_servo': 167, 'place_descent': 424, 'place_release': 37}","{'rgbd_visual_hold': 1191, 'tcp_fk_propagated': 834}","[0.6258807162130566, -0.17135095727739424, 0.315]","[0.5051448895236317, -0.1989338827335589, 0.315]",0.02733938376379181,0.028266920216299226,0.014247336822124632,0.025895289122606777,0.028590778318737933,0.028700063932500446,0.014653108085839936,0.018281733547475237,success
80,rgbd,True,,True,True,True,True,True,True,491,3151.0528313854124,0.0006138424580198273,0.000613841595987739,0.14844937005640704,2.909242593751582e-05,0.020228600329012882,0.001379414790636991,0.019807304893934185,0.013224767442080126,0,491,0.36638214051214707,0.5409839434515973,42.938703783505844,0,False,False,True,False,0.020228622754787127,,491,0,True,"{'ppo_observation': 491, 'reach_safety': 700, 'grasp_safety': 110, 'place_servo': 52, 'place_descent': 85, 'place_release': 31}","{'rgbd_visual_hold': 1215, 'tcp_fk_propagated': 254}","[0.5709473994030362, -0.19263248126943827, 0.315]","[0.6147800051588975, -0.16296159771156646, 0.315]",0.027329130939394902,0.028266377641806208,0.0204909427790463,0.029296086982720716,0.028331950805121613,0.02838658086842703,0.01301559663104342,0.016913561680341527,success
81,rgbd,True,,True,True,True,True,True,True,484,3416.9773800679895,0.0006421989037762616,0.0006419908208458166,0.19237295493634915,2.909242593757133e-05,0.005732912875146258,0.001291771541001845,0.005622450925694464,0.004746363496889737,0,484,0.34134615384615385,0.5409891571806018,39.90186534218719,0,False,False,True,False,0.006348925982290056,,484,0,True,"{'ppo_observation': 484, 'reach_safety': 610, 'grasp_safety': 72, 'place_servo': 115, 'place_descent': 272, 'place_release': 33}","{'rgbd_visual_hold': 1023, 'tcp_fk_propagated': 563}","[0.4802339873316896, -0.11534867081418816, 0.315]","[0.5747495686510893, -0.036693088052554834, 0.315]",0.02730770133832007,0.028265489655622287,0.016008498144569897,0.028857694138792883,0.02782018707198771,0.02852968058101193,0.013272874888397436,0.01582296154972555,success
82,rgbd,True,,True,True,True,True,True,True,458,3256.163527547156,0.0009212972873021829,0.0009211397022283797,0.1397384435215511,2.909242593751582e-05,0.0014301046609010335,0.0014944048067579607,0.0010040518120217683,0.00891824284021595,0,458,0.38128986534372783,0.5035841766616431,35.623309321943,0,False,False,True,False,0.003152800757185927,,458,0,True,"{'ppo_observation': 458, 'reach_safety': 622, 'grasp_safety': 56, 'place_servo': 80, 'place_descent': 167, 'place_release': 33}","{'rgbd_visual_hold': 1017, 'tcp_fk_propagated': 399}","[0.6492916257155795, 0.14191517957059901, 0.315]","[0.5824006086175308, 0.1503033965678805, 0.315]",0.027372375677368967,0.028281068120099416,0.0129459400691064,0.02392710774252203,0.02847118380784389,0.028640983568562397,0.015416486378710754,0.019066614445728627,success
83,rgbd,True,,True,True,True,True,True,True,527,3394.0209082222996,2.454612964777856e-05,1.830154293066564e-05,0.12017559948041268,2.909242593751582e-05,0.010819710948583977,0.005431270524448676,0.01081284785850567,0.01754694274581457,0,527,0.3350416399743754,0.540995885435255,38.36899274602183,0,False,False,True,False,0.010819806407772577,,527,0,True,"{'ppo_observation': 527, 'reach_safety': 654, 'grasp_safety': 80, 'place_servo': 133, 'place_descent': 326, 'place_release': 33}","{'rgbd_visual_hold': 1101, 'tcp_fk_propagated': 652}","[0.4449242959553005, -0.18215805612950195, 0.315]","[0.4803763471248177, -0.27601300258587247, 0.315]",0.02731625596696472,0.028264926722858044,0.016796778650390302,0.028962943752710742,0.027769266890398263,0.028497755963871437,0.011983190560542542,0.015696148324250026,success
84,rgbd,True,,True,True,True,True,True,True,443,3386.5903142099064,0.0010212797128503885,0.0010212704643741974,0.1879996547809214,2.909242593751582e-05,0.0009081929467587135,0.0006116537829758728,0.000996473864709909,0.00517245600868711,0,443,0.3338497288923315,0.4194625169861952,28.443586400944696,0,False,False,True,False,0.002875514323034364,,443,0,True,"{'ppo_observation': 443, 'reach_safety': 560, 'grasp_safety': 56, 'place_servo': 103, 'place_descent': 232, 'place_release': 37}","{'rgbd_visual_hold': 924, 'tcp_fk_propagated': 507}","[0.5696294716783747, 0.16008146509273397, 0.315]","[0.487648037192763, 0.23333809095984082, 0.315]",0.02734678286449425,0.028274801642200524,0.013230192651166288,0.0262477005859163,0.028104733407261714,0.028320557583118168,0.014600258123491255,0.017267807011899658,success
85,rgbd,True,,True,True,True,True,True,True,422,3497.751578905601,0.0006481562394141716,0.0006479387625441005,0.1454926706356666,2.909242593757133e-05,0.004380131919581108,0.0017337062052351518,0.0039702454809740165,0.010464520044223324,0,422,0.34461054287962234,0.5409898286476671,22.38882780579297,0,False,False,True,False,0.005183452752308157,,422,0,True,"{'ppo_observation': 422, 'reach_safety': 494, 'grasp_safety': 68, 'place_servo': 117, 'place_descent': 270, 'place_release': 41}","{'rgbd_visual_hold': 843, 'tcp_fk_propagated': 569}","[0.3632968973632998, -0.01129240180084104, 0.315]","[0.44950429250195895, -0.023247755401403357, 0.315]",0.02728088702352007,0.028264830741575472,0.015610860017074069,0.02696192561515819,0.026829715613883268,0.02765521726825001,0.011026284230470506,0.016134867621454458,success
86,rgbd,True,,True,True,True,True,True,True,502,3381.1091726838217,0.0009656631564741755,0.0009656629305509032,0.12215157750351333,2.909242593751582e-05,0.002674341191205058,0.0028536008989176304,0.002874401666862118,0.008698360384885966,0,502,0.34215751158173396,0.5409823094206578,34.240773155225725,0,False,False,True,False,0.003187707022154032,,502,0,True,"{'ppo_observation': 502, 'reach_safety': 650, 'grasp_safety': 62, 'place_servo': 116, 'place_descent': 277, 'place_release': 31}","{'rgbd_visual_hold': 1068, 'tcp_fk_propagated': 570}","[0.5346386954857352, -0.12985830258723874, 0.315]","[0.6037255449163392, -0.20111088028934604, 0.315]",0.027316350653004518,0.028266236993297514,0.014410620367254526,0.026521761433891646,0.028033366528289583,0.02825547825827921,0.013729388055508461,0.01577563307261432,success
87,rgbd,True,,True,True,True,True,True,True,407,3306.1889994647636,0.0008503019099753939,0.0008503019080959803,0.12790171809545156,2.909242593751582e-05,0.0005164335599564647,0.0009653861866620646,0.0009093548050577877,0.007909985554874443,0,407,0.35064935064935066,0.45991278101947547,27.71830178290793,0,False,False,True,False,0.0027234771022078548,,407,0,True,"{'ppo_observation': 407, 'reach_safety': 546, 'grasp_safety': 58, 'place_servo': 77, 'place_descent': 156, 'place_release': 35}","{'rgbd_visual_hold': 906, 'tcp_fk_propagated': 373}","[0.521226929124596, 0.11341572394769467, 0.315]","[0.5845568291201789, 0.10575665696055064, 0.315]",0.027318038175293897,0.02826639865731643,0.013198199102308388,0.02635713807714486,0.027815827216436488,0.028139671088045316,0.012788140598873784,0.016328872221018323,success
88,rgbd,True,,True,True,True,True,True,True,407,3472.1575967644326,0.0009461730570525883,0.0009461649906700898,0.1903589264933558,2.909242593757133e-05,0.0012089986970484168,0.0012557730769382344,0.0013491819127279064,0.006663984080491675,0,407,0.3449959316517494,0.5409261135667447,21.89664018219446,0,False,False,True,False,0.002908023718324718,,407,0,True,"{'ppo_observation': 407, 'reach_safety': 486, 'grasp_safety': 60, 'place_servo': 109, 'place_descent': 246, 'place_release': 41}","{'rgbd_visual_hold': 819, 'tcp_fk_propagated': 530}","[0.4118735929369551, 0.0812750218379244, 0.315]","[0.45124966874632244, 0.17869930407283746, 0.315]",0.027283607832289346,0.028265682222135637,0.014980580035596736,0.02671135066229739,0.027183370260579917,0.027804284034383262,0.012094129988137357,0.016134470379696016,success
89,rgbd,True,,True,True,True,True,True,True,450,3476.299328357915,0.000902810937475156,0.0009027881780483419,0.16705351481837247,2.909242593751582e-05,0.0005554650565085796,0.0007376081371146367,0.0009023871911420343,0.004883095862430963,0,450,0.3328301886792453,0.46387438707620415,22.52748304286297,0,False,False,True,False,0.002702876339514071,,450,0,True,"{'ppo_observation': 450, 'reach_safety': 550, 'grasp_safety': 58, 'place_servo': 118, 'place_descent': 269, 'place_release': 45}","{'rgbd_visual_hold': 912, 'tcp_fk_propagated': 578}","[0.5227331425430098, 0.10797553586319425, 0.315]","[0.4150703593451202, 0.09460748619467244, 0.315]",0.027316333407565757,0.02826624930930073,0.01307269260788622,0.026358374560357282,0.027827051537596036,0.028146635434507492,0.01220338812380147,0.016504454385705466,success
90,rgbd,True,,True,True,True,True,True,True,435,3477.055868127989,0.0007757705391212356,0.0007757225606274628,0.1293254271934605,2.909242593751582e-05,0.0018810075972079748,0.002022204711729384,0.0011606361069406714,0.008975271224463035,0,435,0.3353846153846154,0.5272969199071943,23.130995102550514,0,False,False,True,False,0.003319430459601179,,435,0,True,"{'ppo_observation': 435, 'reach_safety': 524, 'grasp_safety': 58, 'place_servo': 118, 'place_descent': 277, 'place_release': 37}","{'rgbd_visual_hold': 873, 'tcp_fk_propagated': 576}","[0.4616998339529741, 0.07275884301368507, 0.315]","[0.5414050988744379, 0.027858372910646398, 0.315]",0.027293515558536322,0.02826573841115295,0.014379917318516105,0.02664196290846902,0.027438383970150044,0.027909423771605497,0.011885474597526802,0.015729618678791604,success
91,rgbd,True,,True,True,True,True,True,True,454,3666.8677486719776,0.000570345526188793,0.000570123503479136,0.12287287867998471,2.909242593751582e-05,0.001620462085736311,0.0010563332481781991,0.00218416360879013,0.0093372028369808,0,454,0.305019305019305,0.46365147162815307,26.683630455509956,0,False,False,True,False,0.0029779494976306022,,454,0,True,"{'ppo_observation': 454, 'reach_safety': 470, 'grasp_safety': 60, 'place_servo': 163, 'place_descent': 408, 'place_release': 41}","{'rgbd_visual_hold': 795, 'tcp_fk_propagated': 801}","[0.43492491730035066, 0.1641003893088278, 0.315]","[0.4654322985123733, 0.0526553740218345, 0.315]",0.02730113139125604,0.028265727703402264,0.014641864193043645,0.026643502267432187,0.027511713525291154,0.02788996926864434,0.01074189728613307,0.01582154774768532,success
92,rgbd,True,,True,True,True,True,True,True,503,3250.9681380167635,0.00030689854290639085,0.00030683469792919683,0.11441211151507522,2.909242593751582e-05,0.012570783103708622,0.0011714965724986069,0.012517422578017485,0.018118939713327013,0,503,0.34908136482939633,0.5409867447942744,42.71877212986874,0,False,False,True,False,0.012582731523640627,,503,0,True,"{'ppo_observation': 503, 'reach_safety': 666, 'grasp_safety': 88, 'place_servo': 95, 'place_descent': 214, 'place_release': 31}","{'rgbd_visual_hold': 1131, 'tcp_fk_propagated': 466}","[0.5302592888555286, -0.1696592561006547, 0.315]","[0.569391617703078, -0.23716232865054954, 0.315]",0.027320266578304074,0.02826597950216992,0.018730277830261134,0.029219632744355326,0.028139210102898812,0.02863683080680159,0.013344877092196058,0.015449113475687948,success
93,rgbd,True,,True,True,True,True,True,True,480,3224.9380611434713,0.0012926386618333425,0.0012924566812631813,0.12311089277195965,2.909242593751582e-05,0.003209796149606355,0.00046279474632665254,0.0027075473389497865,0.0088233758372494,0,480,0.38355263157894737,0.4768950214590604,41.09208943075441,0,False,False,True,False,0.0035984521493131814,,480,0,True,"{'ppo_observation': 480, 'reach_safety': 664, 'grasp_safety': 60, 'place_servo': 80, 'place_descent': 173, 'place_release': 27}","{'rgbd_visual_hold': 1086, 'tcp_fk_propagated': 398}","[0.6456471129056764, 0.01727125780892752, 0.315]","[0.7252172505480255, -0.0172816505987528, 0.315]",0.027345929549051247,0.028266278526432202,0.013155196619570595,0.025357247914917804,0.028416481120112396,0.028618815943185837,0.015743424865239237,0.01928887433856691,success
94,rgbd,True,,True,True,True,True,True,True,416,3537.407378891036,0.0009463139276405088,0.0009462981865901099,0.16557097238753507,2.909242593751582e-05,0.000641501579534656,0.0011880329682230956,0.0013158994488407846,0.0055230561551718365,0,416,0.3341404358353511,0.5153605472029449,21.88646396924105,0,False,False,True,False,0.0026622968942129235,,416,0,True,"{'ppo_observation': 416, 'reach_safety': 480, 'grasp_safety': 60, 'place_servo': 121, 'place_descent': 274, 'place_release': 49}","{'rgbd_visual_hold': 810, 'tcp_fk_propagated': 590}","[0.42190127766536084, 0.11547721791765503, 0.315]","[0.3185648102056884, 0.08490663999886974, 0.315]",0.027287642715544586,0.028265637753084858,0.014456494368022117,0.026685464687368078,0.0273233451826844,0.027835187280567136,0.010418014693360992,0.015927793546907654,success
95,rgbd,True,,True,True,True,True,True,True,405,3362.3013915947613,0.00044960889583517204,0.0004488536814802504,0.11469470468157743,2.909242593751582e-05,0.0008177742947487409,0.000646441677700845,0.0011009069439917602,0.008729821665321102,0,405,0.34058577405857743,0.4187362239298553,25.934729203543156,0,False,False,True,False,0.002811190197230062,,405,0,True,"{'ppo_observation': 405, 'reach_safety': 520, 'grasp_safety': 56, 'place_servo': 88, 'place_descent': 189, 'place_release': 35}","{'rgbd_visual_hold': 864, 'tcp_fk_propagated': 429}","[0.5124369522172378, 0.1653229866230534, 0.315]","[0.5622692522945719, 0.11891849070365863, 0.315]",0.02732940665789585,0.028267855127349837,0.013726016835254363,0.02634238733757874,0.02780768551853105,0.02813713589303837,0.012410876355282164,0.015553865019843306,success
96,rgbd,True,,True,True,True,True,True,True,447,3337.265624400833,0.0013070647732526068,0.001307064102196649,0.14207299730369455,2.909242593751582e-05,0.002049449983384135,0.0011551072846595547,0.0008908355412047173,0.007319316690866127,0,447,0.3734767025089606,0.4522758332484368,35.32418250112778,0,False,False,True,False,0.0034284384068985077,,447,0,True,"{'ppo_observation': 447, 'reach_safety': 584, 'grasp_safety': 56, 'place_servo': 96, 'place_descent': 219, 'place_release': 29}","{'rgbd_visual_hold': 960, 'tcp_fk_propagated': 471}","[0.5687507066754882, 0.09355584129817535, 0.315]","[0.662421638663894, 0.08754352386215315, 0.315]",0.02733054228572504,0.028266539375776153,0.013157944853917141,0.026275992958875376,0.027994217471049264,0.02829192185482696,0.0143593475963643,0.016875475057500495,success
97,rgbd,True,,True,True,True,True,True,True,476,3377.536820646261,0.001132473705461437,0.0011324736328471347,0.1626701669768527,2.909242593751582e-05,0.0018933739778006914,0.002088380300182005,0.0019906709603768414,0.006755730759044718,0,476,0.34899792674498964,0.5409747506106355,27.839969099631162,0,False,False,True,False,0.003532638854238115,,476,0,True,"{'ppo_observation': 476, 'reach_safety': 624, 'grasp_safety': 60, 'place_servo': 104, 'place_descent': 231, 'place_release': 41}","{'rgbd_visual_hold': 1026, 'tcp_fk_propagated': 510}","[0.5522820217165502, -0.027075502267654455, 0.315]","[0.4615610259590675, -0.014719509082360811, 0.315]",0.02731271253499033,0.028266378864641558,0.013537614180220035,0.026325822948499302,0.027948357064661884,0.028242990215750833,0.01244106517909891,0.01584309773112969,success
98,rgbd,True,,True,True,True,True,True,True,440,3225.310319421568,0.0005166018865499196,0.0005163525463956719,0.1024826607267935,2.909242593751582e-05,0.0010734169456295027,0.0013098193624886856,0.0009785516047483725,0.008728052975484705,0,440,0.35714285714285715,0.4487494871549561,34.14816898805702,0,False,False,True,False,0.001692862353900074,,440,0,True,"{'ppo_observation': 440, 'reach_safety': 610, 'grasp_safety': 56, 'place_servo': 70, 'place_descent': 139, 'place_release': 31}","{'rgbd_visual_hold': 999, 'tcp_fk_propagated': 347}","[0.6330966623035386, 0.14053236690681176, 0.315]","[0.6473510599544526, 0.08660862552272017, 0.315]",0.027368897943478777,0.028278690497943446,0.013008998763443554,0.024462328295375254,0.028376516726826947,0.028564454454084738,0.014504051255691649,0.01853542753724632,success
99,rgbd,True,,True,True,True,True,True,True,438,3385.8734400783965,0.0006443672901489757,0.0006443658588367183,0.16545056371317055,2.909242593751582e-05,0.0018489353918316291,0.0028445361979383805,0.0014812166435153528,0.005584938434297293,0,438,0.3502994011976048,0.538214198968566,25.078721498924097,0,False,False,True,False,0.0033638383685007634,,438,0,True,"{'ppo_observation': 438, 'reach_safety': 568, 'grasp_safety': 60, 'place_servo': 97, 'place_descent': 206, 'place_release': 45}","{'rgbd_visual_hold': 942, 'tcp_fk_propagated': 472}","[0.5018092023645183, 0.026036652713795322, 0.315]","[0.4122412701191842, 0.04185069930128327, 0.315]",0.027303119706125995,0.028266088221824377,0.014042487256021807,0.02658474716852591,0.027692533079132196,0.028049778424654507,0.011828448668121421,0.015984072218716894,success
