control_executed,episode_steps,final_estimated_goal_xy_error_m,final_object_xyz_evaluator_only,final_true_goal_abs_x_error_m,final_true_goal_abs_y_error_m,final_true_goal_xy_error_m,full_success,goal_detected,goal_failure_reason,goal_xy_error_m,initial_object_xyz,object_detected,object_failure_reason,object_xy_error_m,place_success,seed,true_goal_xyz_evaluator_only,object_inside_goal_region_xy
True,456,0.0085618881569148,"[0.4951984597910322, -0.09326501013974971, 0.3167227605316749]",0.0071008183751648,0.0043430709752476,0.0083236943176162,True,True,,0.0018377449192777,"[0.5410885061964363, -0.09208531449445188, 0.315]",True,,0.0004432580089961,True,0,"[0.48809764141586737, -0.09760808111499739, 0.315]",False
False,0,,,,,,False,False,ArUco goal capture failed closed before PPO: seed=1; reason=insufficient_valid_frames:0/8;failures={'marker_not_detected': 30}; failures={'marker_not_detected': 30},,,False,not_attempted_after_goal_fail_closed,,False,1,,False
True,518,0.0101687668431819,"[0.332671822797398, -0.1357790816244959, 0.3203711781770191]",0.0006527485702008,0.0076843065755196,0.0077119808248253,True,True,,0.0025556161171946,"[0.4284836402747949, -0.08060354263435068, 0.315]",True,,0.0009357372985032,True,2,"[0.3320190742271971, -0.1434633882000155, 0.315]",False
True,473,0.0067075117188668,"[0.47041321150023624, -0.046472077733385755, 0.3186395524014299]",0.0045139178358741,0.0024815076658343,0.0051510517881901,True,True,,0.0017618120295695,"[0.3756947501430873, -0.10527579736156012, 0.315]",True,,0.0004498323203929,True,3,"[0.47492712933611037, -0.048953585399220095, 0.315]",False
True,565,0.0103957675900636,"[0.5276158360138443, -0.05006907702113032, 0.3168432505532046]",0.0066277329260298,0.0077011113921961,0.0101604114293562,True,True,,0.0009868321903685,"[0.6329168316717103, 0.004531021125744633, 0.315]",True,,0.0012652238219237,True,4,"[0.5209881030878145, -0.057770188413326456, 0.315]",False
True,465,0.0110073867835917,"[0.6145563713839489, 0.04497533236219186, 0.31587904543225215]",0.0027071225965535,0.0107267120168185,0.0110630404249704,True,True,,0.0025644742288344,"[0.5915008771236141, 0.12317631589459749, 0.315]",True,,0.0016593123206379,True,5,"[0.6118492487873953, 0.03424862034537329, 0.315]",False
True,467,0.0095728789694287,"[0.5663927254732668, -0.11126146586261168, 0.31690678746761725]",0.0011114302978381,0.0078406434769525,0.0079190256622662,True,True,,0.001861961242509,"[0.511449305441583, -0.06269165207466462, 0.315]",True,,0.0004176900749288,True,6,"[0.5675041557711049, -0.11910210933956422, 0.315]",False
True,472,0.0101826202908888,"[0.5204508377562428, 0.058241744777850886, 0.3166387363050768]",0.0003073457713592,0.0100542244055051,0.0100589209073055,True,True,,0.0013308490835278,"[0.5375286399814001, 0.15888552038783021, 0.315]",True,,0.0022010268439889,True,7,"[0.5201434919848835, 0.04818752037234572, 0.315]",False
True,367,0.0058952297599198,"[0.4257895602332776, 0.26640791033787387, 0.31796832013226034]",0.0041942893872066,0.0017959597566745,0.0045626236872251,True,True,,0.0022547669705572,"[0.44809168298166824, 0.19491073733517023, 0.315]",True,,0.0016706507392088,True,8,"[0.4299838496204842, 0.2682038700945484, 0.315]",True
True,504,0.0070183842255756,"[0.6007833609722468, 0.0066264506348029314, 0.3147507310262495]",0.0066216791670301,0.0048856290166028,0.0082289735616875,True,True,,0.00134039777569,"[0.6110747611910254, -0.08527311636497786, 0.315]",True,,0.0003742647931193,True,9,"[0.5941616818052167, 0.011512079651405785, 0.315]",False
True,590,0.012370318312499,"[0.5788747576823083, -0.20536681199557566, 0.31461887840225067]",0.0108429285553588,0.0053201629626503,0.0120777992037363,True,True,,0.0034155671370896,"[0.6368005128886927, -0.11692727596834125, 0.315]",True,,0.0004501652311595,True,10,"[0.5680318291269495, -0.21068697495822605, 0.315]",False
False,0,,,,,,False,False,ArUco goal capture failed closed before PPO: seed=11; reason=insufficient_valid_frames:0/8;failures={'marker_not_detected': 30}; failures={'marker_not_detected': 30},,,False,not_attempted_after_goal_fail_closed,,False,11,,False
True,372,0.0094777546076047,"[0.3934280474000075, 0.12916828175968648, 0.3210313982486551]",0.0038194680294037,0.0092885562753763,0.0100431874277278,True,True,,0.000570089791447,"[0.42524733743253385, 0.17870117714376982, 0.315]",True,,0.0017930536274021,True,12,"[0.3972475154294112, 0.11987972548431014, 0.315]",False
True,499,0.0103558591774161,"[0.6208344080119745, 0.037613987658834724, 0.31456513881385156]",0.0031399933165945,0.0100778723947449,0.0105557126729094,True,True,,0.0012850824687788,"[0.609439276104976, 0.14212100597282362, 0.315]",True,,0.0015002052814413,True,13,"[0.61769441469538, 0.027536115264089778, 0.315]",False
True,502,0.0072444272828916,"[0.5392957900317432, 0.023566911926277925, 0.3174548734549946]",0.0077684907571013,0.0026044560262339,0.0081934510333409,True,True,,0.0009534751802285,"[0.5992949956667335, -0.05562133326629737, 0.315]",True,,0.0010988699871428,True,14,"[0.5315272992746418, 0.026171367952511862, 0.315]",False
False,0,,,,,,False,False,ArUco goal capture failed closed before PPO: seed=15; reason=insufficient_valid_frames:0/8;failures={'marker_not_detected': 30}; failures={'marker_not_detected': 30},,,False,not_attempted_after_goal_fail_closed,,False,15,,False
True,442,0.007914542040366,"[0.5530609247328407, -0.06806668877446909, 0.3171434927256092]",0.0002629881965376,0.0065796951425057,0.0065849488198339,True,True,,0.0018599385653483,"[0.5200750516638095, -0.02770234180392578, 0.315]",True,,0.0016865126819613,True,16,"[0.5533239129293784, -0.07464638391697485, 0.315]",False
True,527,0.0134249010030744,"[0.674775366348261, -0.19628167956751458, 0.31498621966739515]",0.0073181895852377,0.0090801485476382,0.0116621180088635,True,True,,0.0049192046416795,"[0.6035224378393704, -0.13561076353235724, 0.315]",True,,0.0018858345249734,True,17,"[0.6674571767630232, -0.20536182811515286, 0.315]",False
True,406,0.0073681003292738,"[0.4085052011275654, 0.05814032477597289, 0.32101629119250985]",0.0016088033013492,0.0071672143442605,0.0073455571278838,True,True,,3.499770567547268e-05,"[0.4697917307652718, 0.08696587171528647, 0.315]",True,,0.0004344698043524,True,18,"[0.4068963978262161, 0.05097311043171238, 0.315]",False
True,386,0.0067222283250056,"[0.40996940465883813, 0.1510837963966461, 0.3193096679067259]",0.0007075329570039,0.0072281644571352,0.0072627105342729,True,True,,0.0005421575279344,"[0.4761136387187782, 0.1703477379266815, 0.315]",True,,0.0017648575031642,True,19,"[0.40926187170183415, 0.14385563193951087, 0.315]",False
True,402,0.0074975536964765,"[0.48771690661334965, -0.004033401968247291, 0.3188974029641368]",0.0054417510681427,0.003050554845597,0.0062384725336918,True,True,,0.0012887963261719,"[0.43402278878904776, -0.015541316078823142, 0.315]",True,,0.0009472477324676,True,20,"[0.49315865768149236, -0.0070839568138443155, 0.315]",False
True,506,0.0078084362250028,"[0.4980251829376769, -0.00802007443219435, 0.31754835421048644]",0.0041735734086397,0.0063469245515806,0.00759619419583,True,True,,0.0006669650057266,"[0.5843352766452413, 0.042338811828387224, 0.315]",True,,0.0005526476577849,True,21,"[0.4938516095290371, -0.014366998983775026, 0.315]",False
True,419,0.0037362773826264,"[0.4888191960008656, -0.07465978573975657, 0.3171638815435678]",0.0037055794569652,0.0012239555767601,0.0039024846400421,True,True,,0.0002681009539399,"[0.4599040746296228, -0.12028184824996685, 0.315]",True,,0.0002275249890032,True,22,"[0.4925247754578308, -0.07343583016299643, 0.315]",True
True,438,0.0085516122255051,"[0.5167755328775275, 0.024697829485409196, 0.3186727769889816]",0.0041431244816855,0.0076176214209392,0.0086714264445645,True,True,,0.0007753353030731,"[0.5581799241972093, 0.05658328835129223, 0.315]",True,,0.0004502929995587,True,23,"[0.512632408395842, 0.01708020806446999, 0.315]",False
True,447,0.0081098339153275,"[0.5393924191334677, -0.02915107346586393, 0.3180625939173246]",0.0055896727429461,0.0049196349803896,0.0074462910038158,True,True,,0.0006679622259474,"[0.44908065100079464, -0.037929073744342456, 0.315]",True,,0.0006396173918438,True,24,"[0.5449820918764139, -0.03407070844625362, 0.315]",False
True,485,0.0108439607543371,"[0.4439090267237291, -0.24299212821834595, 0.3177242430152962]",0.0002147927299471,0.0065298796283532,0.0065334113507126,True,True,,0.0043538753386842,"[0.3982163699696023, -0.19987518593159856, 0.315]",True,,0.0010470515579696,True,25,"[0.443694233993782, -0.24952200784669923, 0.315]",False
True,423,0.0024630365528151,"[0.5108528019022742, -0.05608579038239927, 0.3182900885813936]",0.0005595340735998,0.0037522515823699,0.0037937409396158,True,True,,0.0018531605601995,"[0.49747967528147136, -0.1062401904208334, 0.315]",True,,0.0002308458234,True,26,"[0.5102932678286743, -0.05233353880002929, 0.315]",True
True,468,0.0097337941547379,"[0.5885361622981568, -0.12012116575222487, 0.31478567586530914]",0.0025857521017349,0.0077801973900743,0.0081986331397463,True,True,,0.0026231539181139,"[0.5593208649430356, -0.07447429111102735, 0.315]",True,,0.0005810232137946,True,27,"[0.5859504101964218, -0.12790136314229925, 0.315]",False
False,0,,,,,,False,False,ArUco goal capture failed closed before PPO: seed=28; reason=insufficient_valid_frames:0/8;failures={'marker_not_detected': 30}; failures={'marker_not_detected': 30},,,False,not_attempted_after_goal_fail_closed,,False,28,,False
True,453,0.0110447007910796,"[0.37213507323528844, -0.07863810351602636, 0.3213916466741769]",0.0016099263299493,0.0099543737231426,0.0100837204943342,True,True,,0.0010784479757697,"[0.36501409110622063, 0.0025289194285797456, 0.315]",True,,0.0011522033399125,True,29,"[0.3737449995652378, -0.08859247723916898, 0.315]",False
True,392,0.0071743080995627,"[0.4623361805921622, 0.004994977528318742, 0.3185587100601604]",0.0063432760094495,0.0018172793560536,0.0065984585161987,True,True,,0.0006207243557939,"[0.42073964144375986, -0.028357200533675547, 0.315]",True,,0.0001912516320809,True,30,"[0.4686794566016117, 0.0031776981722651323, 0.315]",False
False,0,,,,,,False,False,ArUco goal capture failed closed before PPO: seed=31; reason=insufficient_valid_frames:0/8;failures={'marker_not_detected': 30}; failures={'marker_not_detected': 30},,,False,not_attempted_after_goal_fail_closed,,False,31,,False
True,430,0.0107577252190855,"[0.4304314900314728, -0.033493221116261594, 0.3203876751144984]",0.0031083804670277,0.0095139005232825,0.0100088127315239,True,True,,0.0007490085579449,"[0.3980728491124304, 0.028891798188833556, 0.315]",True,,0.0003705093685352,True,32,"[0.4335398704985005, -0.04300712163954415, 0.315]",False
True,510,0.0089248124812989,"[0.48698984156510194, -0.08737579550163908, 0.31797637677798946]",0.0006227601242236,0.007832312551295,0.0078570318870103,True,True,,0.0011964060739905,"[0.48309267108880016, 0.02739647676982257, 0.315]",True,,0.0010638276587924,True,33,"[0.48636708144087826, -0.09520810805293414, 0.315]",False
True,349,0.0095521274383123,"[0.3818298504137253, 0.20734490039662742, 0.3204108262464892]",0.0098069092100722,0.0020418257465571,0.0100172112203897,True,True,,0.0017612718083,"[0.35120847304791303, 0.14887076570821695, 0.315]",True,,0.002311037701559,True,34,"[0.3916367596237975, 0.2053030746500703, 0.315]",False
True,455,0.0049139632956989,"[0.33591398256441724, 0.02785186950043225, 0.3207564228681107]",0.0024287549247444,0.0035286952577753,0.0042837531099161,True,True,,0.0007371634049234,"[0.4513848676651174, -0.016601777558658826, 0.315]",True,,0.0010410850887269,True,35,"[0.33348522763967275, 0.024323174242656932, 0.315]",True
True,487,0.0094925547308282,"[0.5014391769373867, -0.10277761529186753, 0.3168120230230767]",0.0025487378124096,0.0072401156852501,0.0076756328450631,True,True,,0.0018433899908672,"[0.40418992736725085, -0.04070529570573264, 0.315]",True,,0.0009046216786141,True,36,"[0.5039879147497963, -0.11001773097711771, 0.315]",False
True,414,0.0056051102561108,"[0.5768366985725825, 0.11323337509960198, 0.31470817948488744]",0.0006335668482349,0.0045300696665526,0.0045741598283184,True,True,,0.0017762277788907,"[0.5612459094840709, 0.06466748832098962, 0.315]",True,,0.000919527938795,True,37,"[0.5774702654208174, 0.11776344476615458, 0.315]",True
True,468,0.0044669642100794,"[0.5654407285042624, -0.022571515191921424, 0.31602680746153206]",0.0016605014860862,0.0030278217750095,0.0034532549698098,True,True,,0.0026466078399881,"[0.49572831345136026, -0.10010565637396898, 0.315]",True,,0.0013043107933827,True,38,"[0.5671012299903486, -0.019543693416911853, 0.315]",True
True,435,0.0080873794646537,"[0.5218589993765006, -0.034509240086665185, 0.3177858141538264]",0.0002282936285372,0.0068461448944673,0.0068499502112695,True,True,,0.0019095223320425,"[0.5005135871454225, 0.015734162482595432, 0.315]",True,,0.0011660482638619,True,39,"[0.5216307057479633, -0.04135538498113252, 0.315]",False
True,505,0.0069349309689122,"[0.4548489674349365, 0.03766880826812212, 0.31927791660926264]",0.0025309281717287,0.0061936831277214,0.0066908376229789,True,True,,0.0002809899206581,"[0.5689695485794153, 0.07736598272075212, 0.315]",True,,0.0001559546449924,True,40,"[0.4523180392632078, 0.03147512514040069, 0.315]",False
False,0,,,,,,False,False,ArUco goal capture failed closed before PPO: seed=41; reason=insufficient_valid_frames:0/8;failures={'marker_not_detected': 30}; failures={'marker_not_detected': 30},,,False,not_attempted_after_goal_fail_closed,,False,41,,False
True,493,0.0049670228422371,"[0.6219014868384816, 0.08350194661019027, 0.31460385669561725]",0.0011765192179266,0.0043063337650679,0.0044641581475475,True,True,,0.002741620761085,"[0.582186814566789, -0.024448624099179084, 0.315]",True,,0.0012423903149283,True,42,"[0.620724967620555, 0.08780828037525826, 0.315]",True
True,474,0.0160449141889391,"[0.5326381384290549, -0.13145287792520333, 0.316942308002457]",0.0143823942201071,0.0073314092192562,0.0161431974727055,True,True,,0.0007340207417302,"[0.5456897788102733, -0.18248987054440136, 0.315]",True,,0.0002488348928488,True,43,"[0.5182557442089478, -0.13878428714445956, 0.315]",False
False,0,,,,,,False,False,ArUco goal capture failed closed before PPO: seed=44; reason=insufficient_valid_frames:0/8;failures={'marker_not_detected': 30}; failures={'marker_not_detected': 30},,,False,not_attempted_after_goal_fail_closed,,False,44,,False
False,0,,,,,,False,False,ArUco goal capture failed closed before PPO: seed=45; reason=insufficient_valid_frames:0/8;failures={'marker_not_detected': 30}; failures={'marker_not_detected': 30},,,False,not_attempted_after_goal_fail_closed,,False,45,,False
True,497,0.0046886513405397,"[0.6757740231632133, -0.1264781410978712, 0.3148601881522792]",0.0023237631534392,0.0071284243697327,0.0074976202349999,True,True,,0.0048673292735642,"[0.6216812830070937, -0.16910928271530273, 0.315]",True,,0.0007542003702243,True,46,"[0.673450260009774, -0.11934971672813849, 0.315]",False
True,462,0.0084951417076165,"[0.507391506767228, 0.05647964761838869, 0.31808219705711094]",0.0041898380209114,0.0079127059607314,0.0089535276993188,True,True,,0.0012344408784395,"[0.5725405983927682, 0.10146752684784316, 0.315]",True,,0.0011164546694323,True,47,"[0.5032016687463166, 0.048566941657657244, 0.315]",False
False,0,,,,,,False,False,ArUco goal capture failed closed before PPO: seed=48; reason=insufficient_valid_frames:0/8;failures={'marker_not_detected': 30}; failures={'marker_not_detected': 30},,,False,not_attempted_after_goal_fail_closed,,False,48,,False
True,413,0.007742671004971,"[0.5104740876195712, 0.09458405531571562, 0.31849375972701155]",0.0063777849735671,0.000241825937155,0.0063823679737961,True,True,,0.0014362613039133,"[0.4588562576828409, 0.03728690406789292, 0.315]",True,,0.0008983366048261,True,49,"[0.5168518725931384, 0.0943422293785606, 0.315]",False
False,0,,,,,,False,False,ArUco goal capture failed closed before PPO: seed=50; reason=insufficient_valid_frames:0/8;failures={'marker_not_detected': 30}; failures={'marker_not_detected': 30},,,False,not_attempted_after_goal_fail_closed,,False,50,,False
True,513,0.0114244319302368,"[0.6291136580989483, -0.13879368931166747, 0.31498621966739515]",0.0084321786125358,0.0077042986045833,0.0114218147919799,True,True,,0.0022212252177843,"[0.6327323588811251, -0.07714465568450396, 0.315]",True,,0.0010719785401606,True,51,"[0.6206814794864124, -0.14649798791625085, 0.315]",False
True,458,0.0057969677068155,"[0.44695507513638444, 0.030299055945200395, 0.3191623619924631]",0.0037158959704378,0.0042835196814879,0.0056706634289834,True,True,,0.0001529975119459,"[0.5347288864407298, 0.029690518254116782, 0.315]",True,,0.0007561133233277,True,52,"[0.44323917916594663, 0.02601553626371246, 0.315]",False
False,0,,,,,,False,False,ArUco goal capture failed closed before PPO: seed=53; reason=insufficient_valid_frames:0/8;failures={'marker_not_detected': 30}; failures={'marker_not_detected': 30},,,False,not_attempted_after_goal_fail_closed,,False,53,,False
True,386,0.0073797308697224,"[0.46002030670680316, 0.03586251202817545, 0.318936290221741]",0.0065450625246447,0.0020711099080603,0.0068649355206567,True,True,,0.0005149343356932,"[0.41673546340156853, 0.0074319883531814845, 0.315]",True,,0.0004294900496681,True,54,"[0.46656536923144787, 0.033791402120115055, 0.315]",False
True,437,0.0105739757767023,"[0.5944765614762408, 0.09182885697512057, 0.3157772615897831]",0.0032161474430585,0.0105127006212668,0.0109936562947854,True,True,,0.0010443539638483,"[0.5996756550364852, 0.14825824468653653, 0.315]",True,,0.0020856249449753,True,55,"[0.5912604140331823, 0.0813161563538537, 0.315]",False
True,547,0.0080018134628802,"[0.5978240321605672, -0.06567439436880416, 0.31459331551162906]",0.0095745367196986,0.0007323681947509,0.0096025057443117,True,True,,0.0021871361977084,"[0.567837814989062, -0.19323887420854274, 0.315]",True,,0.0001715081014436,True,56,"[0.5882494954408686, -0.06640676256355513, 0.315]",False
True,512,0.0096416123067861,"[0.6208638326683652, -0.10382006606978458, 0.314800211987113]",0.0025631564287575,0.0077672142675532,0.0081792046285909,True,True,,0.0028914698110843,"[0.5552500109466625, -0.012675212712972617, 0.315]",True,,0.0008714488327048,True,57,"[0.6183006762396076, -0.1115872803373378, 0.315]",False
True,391,0.0097725663244367,"[0.42171409099163704, 0.0942794407233137, 0.319239073413143]",0.0030518885086773,0.0094367835877282,0.0099180092735898,True,True,,0.0003008543496154,"[0.44270354016987346, 0.15193344369230838, 0.315]",True,,0.0017867966390513,True,58,"[0.4247659795003144, 0.08484265713558543, 0.315]",False
False,0,,,,,,False,False,"ArUco goal capture failed closed before PPO: seed=59; reason=insufficient_valid_frames:5/8;failures={'marker_not_detected': 10, 'no_geometrically_valid_pnp_solution:goal_outside_workspace:[-0.58226843 -0.09225872  0.26814822]|goal_outside_workspace:[-0.58179591 -0.09224848  0.26839131]': 1, 'no_geometrically_valid_pnp_solution:goal_outside_workspace:[-0.58226813 -0.09225667  0.2681487 ]|goal_outside_workspace:[-0.5817956  -0.09224644  0.26839178]': 1, 'no_geometrically_valid_pnp_solution:goal_outside_workspace:[-0.58226783 -0.09225464  0.26814917]|goal_outside_workspace:[-0.5817953  -0.09224441  0.26839225]': 1, 'no_geometrically_valid_pnp_solution:goal_outside_workspace:[-0.58226753 -0.09225263  0.26814963]|goal_outside_workspace:[-0.581795   -0.0922424   0.26839272]': 1, 'no_geometrically_valid_pnp_solution:goal_outside_workspace:[-0.58226723 -0.09225064  0.2681501 ]|goal_outside_workspace:[-0.5817947  -0.09224042  0.26839318]': 1, 'no_geometrically_valid_pnp_solution:goal_outside_workspace:[-0.58226694 -0.09224868  0.26815055]|goal_outside_workspace:[-0.58179441 -0.09223845  0.26839364]': 1, 'no_geometrically_valid_pnp_solution:goal_outside_workspace:[-0.58226665 -0.09224673  0.26815101]|goal_outside_workspace:[-0.58179412 -0.0922365   0.26839409]': 1, 'no_geometrically_valid_pnp_solution:goal_outside_workspace:[-0.58226636 -0.0922448   0.26815146]|goal_outside_workspace:[-0.58179383 -0.09223458  0.26839454]': 1, 'no_geometrically_valid_pnp_solution:goal_outside_workspace:[-0.58226607 -0.09224289  0.2681519 ]|goal_outside_workspace:[-0.58179355 -0.09223267  0.26839498]': 1, 'no_geometrically_valid_pnp_solution:goal_outside_workspace:[-0.58226579 -0.092241    0.26815234]|goal_outside_workspace:[-0.58179327 -0.09223078  0.26839542]': 1, 'no_geometrically_valid_pnp_solution:goal_outside_workspace:[-0.58226551 -0.09223913  0.26815278]|goal_outside_workspace:[-0.58179299 -0.09222891  0.26839586]': 1, 'no_geometrically_valid_pnp_solution:goal_outside_workspace:[-0.58226524 -0.09223728  0.26815321]|goal_outside_workspace:[-0.58179271 -0.09222706  0.26839629]': 1, 'no_geometrically_valid_pnp_solution:goal_outside_workspace:[-0.58226496 -0.09223544  0.26815363]|goal_outside_workspace:[-0.58179244 -0.09222523  0.26839672]': 1, 'no_geometrically_valid_pnp_solution:goal_outside_workspace:[-0.58226469 -0.09223363  0.26815406]|goal_outside_workspace:[-0.58179217 -0.09222341  0.26839714]': 1, 'no_geometrically_valid_pnp_solution:goal_outside_workspace:[-0.58226443 -0.09223183  0.26815448]|goal_outside_workspace:[-0.5817919  -0.09222162  0.26839756]': 1}; failures={'marker_not_detected': 10, 'no_geometrically_valid_pnp_solution:goal_outside_workspace:[-0.58226843 -0.09225872  0.26814822]|goal_outside_workspace:[-0.58179591 -0.09224848  0.26839131]': 1, 'no_geometrically_valid_pnp_solution:goal_outside_workspace:[-0.58226813 -0.09225667  0.2681487 ]|goal_outside_workspace:[-0.5817956  -0.09224644  0.26839178]': 1, 'no_geometrically_valid_pnp_solution:goal_outside_workspace:[-0.58226783 -0.09225464  0.26814917]|goal_outside_workspace:[-0.5817953  -0.09224441  0.26839225]': 1, 'no_geometrically_valid_pnp_solution:goal_outside_workspace:[-0.58226753 -0.09225263  0.26814963]|goal_outside_workspace:[-0.581795   -0.0922424   0.26839272]': 1, 'no_geometrically_valid_pnp_solution:goal_outside_workspace:[-0.58226723 -0.09225064  0.2681501 ]|goal_outside_workspace:[-0.5817947  -0.09224042  0.26839318]': 1, 'no_geometrically_valid_pnp_solution:goal_outside_workspace:[-0.58226694 -0.09224868  0.26815055]|goal_outside_workspace:[-0.58179441 -0.09223845  0.26839364]': 1, 'no_geometrically_valid_pnp_solution:goal_outside_workspace:[-0.58226665 -0.09224673  0.26815101]|goal_outside_workspace:[-0.58179412 -0.0922365   0.26839409]': 1, 'no_geometrically_valid_pnp_solution:goal_outside_workspace:[-0.58226636 -0.0922448   0.26815146]|goal_outside_workspace:[-0.58179383 -0.09223458  0.26839454]': 1, 'no_geometrically_valid_pnp_solution:goal_outside_workspace:[-0.58226607 -0.09224289  0.2681519 ]|goal_outside_workspace:[-0.58179355 -0.09223267  0.26839498]': 1, 'no_geometrically_valid_pnp_solution:goal_outside_workspace:[-0.58226579 -0.092241    0.26815234]|goal_outside_workspace:[-0.58179327 -0.09223078  0.26839542]': 1, 'no_geometrically_valid_pnp_solution:goal_outside_workspace:[-0.58226551 -0.09223913  0.26815278]|goal_outside_workspace:[-0.58179299 -0.09222891  0.26839586]': 1, 'no_geometrically_valid_pnp_solution:goal_outside_workspace:[-0.58226524 -0.09223728  0.26815321]|goal_outside_workspace:[-0.58179271 -0.09222706  0.26839629]': 1, 'no_geometrically_valid_pnp_solution:goal_outside_workspace:[-0.58226496 -0.09223544  0.26815363]|goal_outside_workspace:[-0.58179244 -0.09222523  0.26839672]': 1, 'no_geometrically_valid_pnp_solution:goal_outside_workspace:[-0.58226469 -0.09223363  0.26815406]|goal_outside_workspace:[-0.58179217 -0.09222341  0.26839714]': 1, 'no_geometrically_valid_pnp_solution:goal_outside_workspace:[-0.58226443 -0.09223183  0.26815448]|goal_outside_workspace:[-0.5817919  -0.09222162  0.26839756]': 1}",,,False,not_attempted_after_goal_fail_closed,,False,59,,False
True,470,0.0203140449550423,"[0.4052281175645309, -0.17175212759557953, 0.32130027321734966]",0.0122236287776118,0.0141425336849578,0.0186930029562675,True,True,,0.0020549254943217,"[0.4472851438103829, -0.1891414432419982, 0.315]",True,,0.0003763827118629,True,60,"[0.39300448878691907, -0.18589466128053742, 0.315]",False
True,415,0.0069545925393585,"[0.4832984380061438, 0.20694368730426826, 0.317958867541368]",0.005333830763978,0.0021259980222202,0.0057419176421508,True,True,,0.001845771783163,"[0.46231228486329234, 0.1087742472769066, 0.315]",True,,0.0008372713018687,True,61,"[0.48863226877012184, 0.2090696853264885, 0.315]",False
True,483,0.0095193146800182,"[0.560270994717566, -0.0017225546486515104, 0.31659538980451635]",0.0009785955866675,0.0084578687276592,0.0085142934373065,True,True,,0.0019231348063273,"[0.5327960500573494, 0.09910932160607167, 0.315]",True,,0.0008315220564002,True,62,"[0.5592923991308985, -0.010180423376310782, 0.315]",False
True,393,0.0102657279357309,"[0.5761792070898237, 0.20485379041557325, 0.31446280835034773]",0.0075433197391325,0.00576672791286,0.0094950947076765,True,True,,0.0023636296855114,"[0.5180238115686703, 0.19690354754384953, 0.315]",True,,0.0023652552060024,True,63,"[0.5837225268289563, 0.19908706250271319, 0.315]",False
True,463,0.0108502339936012,"[0.6590015790568312, -0.03075638344059163, 0.3146177238872098]",0.0028800229025766,0.0101166773950276,0.0105186355310196,True,True,,0.001638296600851,"[0.6330480358221211, 0.009335851656297078, 0.315]",True,,0.0011161654946575,True,64,"[0.6561215561542546, -0.0408730608356193, 0.315]",False
True,436,0.0113430021350335,"[0.35152750931508225, -0.06181170506104924, 0.32150620763840726]",0.0020061332799263,0.0101713993728078,0.0103673495136405,True,True,,0.0011999838917282,"[0.3642174456390413, 0.007288871015834697, 0.315]",True,,0.0003156508637785,True,65,"[0.35353364259500863, -0.07198310443385705, 0.315]",False
True,432,0.005784053722732,"[0.6626214071420184, 0.11171554216951515, 0.31449526409882317]",0.0041645812222677,0.0047073235258084,0.0062851118950655,True,True,,0.0005151866643804,"[0.6271201633807795, 0.07712725244973073, 0.315]",True,,0.0012275148730389,True,66,"[0.6667859883642862, 0.11642286569532362, 0.315]",False
True,508,0.0138733507381132,"[0.5047224660790113, -0.22496907169121208, 0.31581840239607273]",0.0037712878297423,0.0113895366142543,0.0119976729486264,True,True,,0.0022856307154768,"[0.4742994499706757, -0.14922467911996973, 0.315]",True,,0.0004883109373858,True,67,"[0.5009511782492689, -0.2363586083054664, 0.315]",False
False,0,,,,,,False,False,"ArUco goal capture failed closed before PPO: seed=68; reason=insufficient_valid_frames:0/8;failures={'no_geometrically_valid_pnp_solution:goal_outside_workspace:[-0.58226505 -0.22798213  0.26312109]|goal_outside_workspace:[-0.58184759 -0.2273971   0.2639504 ]': 1, 'no_geometrically_valid_pnp_solution:goal_outside_workspace:[-0.58226524 -0.22797986  0.26312157]|goal_outside_workspace:[-0.58184778 -0.22739484  0.26395088]': 1, 'no_geometrically_valid_pnp_solution:goal_outside_workspace:[-0.58226542 -0.22797762  0.26312205]|goal_outside_workspace:[-0.58184796 -0.22739259  0.26395136]': 1, 'no_geometrically_valid_pnp_solution:goal_outside_workspace:[-0.5822656  -0.22797539  0.26312252]|goal_outside_workspace:[-0.58184813 -0.22739037  0.26395183]': 1, 'no_geometrically_valid_pnp_solution:goal_outside_workspace:[-0.58226578 -0.22797319  0.26312299]|goal_outside_workspace:[-0.58184831 -0.22738817  0.26395229]': 1, 'no_geometrically_valid_pnp_solution:goal_outside_workspace:[-0.58226596 -0.22797101  0.26312345]|goal_outside_workspace:[-0.58184849 -0.22738599  0.26395276]': 1, 'no_geometrically_valid_pnp_solution:goal_outside_workspace:[-0.58226613 -0.22796886  0.26312391]|goal_outside_workspace:[-0.58184866 -0.22738384  0.26395321]': 1, 'no_geometrically_valid_pnp_solution:goal_outside_workspace:[-0.58226631 -0.22796672  0.26312436]|goal_outside_workspace:[-0.58184883 -0.2273817   0.26395367]': 1, 'no_geometrically_valid_pnp_solution:goal_outside_workspace:[-0.58226648 -0.22796461  0.26312481]|goal_outside_workspace:[-0.581849   -0.22737959  0.26395411]': 1, 'no_geometrically_valid_pnp_solution:goal_outside_workspace:[-0.58226156 -0.22796008  0.26314007]|goal_outside_workspace:[-0.58184402 -0.22737446  0.26397007]': 1, 'no_geometrically_valid_pnp_solution:goal_outside_workspace:[-0.58226173 -0.22795801  0.26314051]|goal_outside_workspace:[-0.58184419 -0.22737239  0.26397051]': 1, 'no_geometrically_valid_pnp_solution:goal_outside_workspace:[-0.58226192 -0.22795597  0.26314088]|goal_outside_workspace:[-0.58184438 -0.22737036  0.26397088]': 1, 'no_geometrically_valid_pnp_solution:goal_outside_workspace:[-0.582262   -0.2279539   0.26314157]|goal_outside_workspace:[-0.58184445 -0.22736827  0.26397157]': 1, 'no_geometrically_valid_pnp_solution:goal_outside_workspace:[-0.58226216 -0.22795189  0.263142  ]|goal_outside_workspace:[-0.58184462 -0.22736627  0.263972  ]': 1, 'no_geometrically_valid_pnp_solution:goal_outside_workspace:[-0.58226232 -0.2279499   0.26314242]|goal_outside_workspace:[-0.58184478 -0.22736428  0.26397242]': 1, 'no_geometrically_valid_pnp_solution:goal_outside_workspace:[-0.58226248 -0.22794793  0.26314284]|goal_outside_workspace:[-0.58184493 -0.22736231  0.26397284]': 1, 'no_geometrically_valid_pnp_solution:goal_outside_workspace:[-0.58226264 -0.22794598  0.26314325]|goal_outside_workspace:[-0.58184509 -0.22736036  0.26397326]': 1, 'no_geometrically_valid_pnp_solution:goal_outside_workspace:[-0.5822628  -0.22794405  0.26314366]|goal_outside_workspace:[-0.58184525 -0.22735843  0.26397367]': 1, 'marker_not_detected': 12}; failures={'no_geometrically_valid_pnp_solution:goal_outside_workspace:[-0.58226505 -0.22798213  0.26312109]|goal_outside_workspace:[-0.58184759 -0.2273971   0.2639504 ]': 1, 'no_geometrically_valid_pnp_solution:goal_outside_workspace:[-0.58226524 -0.22797986  0.26312157]|goal_outside_workspace:[-0.58184778 -0.22739484  0.26395088]': 1, 'no_geometrically_valid_pnp_solution:goal_outside_workspace:[-0.58226542 -0.22797762  0.26312205]|goal_outside_workspace:[-0.58184796 -0.22739259  0.26395136]': 1, 'no_geometrically_valid_pnp_solution:goal_outside_workspace:[-0.5822656  -0.22797539  0.26312252]|goal_outside_workspace:[-0.58184813 -0.22739037  0.26395183]': 1, 'no_geometrically_valid_pnp_solution:goal_outside_workspace:[-0.58226578 -0.22797319  0.26312299]|goal_outside_workspace:[-0.58184831 -0.22738817  0.26395229]': 1, 'no_geometrically_valid_pnp_solution:goal_outside_workspace:[-0.58226596 -0.22797101  0.26312345]|goal_outside_workspace:[-0.58184849 -0.22738599  0.26395276]': 1, 'no_geometrically_valid_pnp_solution:goal_outside_workspace:[-0.58226613 -0.22796886  0.26312391]|goal_outside_workspace:[-0.58184866 -0.22738384  0.26395321]': 1, 'no_geometrically_valid_pnp_solution:goal_outside_workspace:[-0.58226631 -0.22796672  0.26312436]|goal_outside_workspace:[-0.58184883 -0.2273817   0.26395367]': 1, 'no_geometrically_valid_pnp_solution:goal_outside_workspace:[-0.58226648 -0.22796461  0.26312481]|goal_outside_workspace:[-0.581849   -0.22737959  0.26395411]': 1, 'no_geometrically_valid_pnp_solution:goal_outside_workspace:[-0.58226156 -0.22796008  0.26314007]|goal_outside_workspace:[-0.58184402 -0.22737446  0.26397007]': 1, 'no_geometrically_valid_pnp_solution:goal_outside_workspace:[-0.58226173 -0.22795801  0.26314051]|goal_outside_workspace:[-0.58184419 -0.22737239  0.26397051]': 1, 'no_geometrically_valid_pnp_solution:goal_outside_workspace:[-0.58226192 -0.22795597  0.26314088]|goal_outside_workspace:[-0.58184438 -0.22737036  0.26397088]': 1, 'no_geometrically_valid_pnp_solution:goal_outside_workspace:[-0.582262   -0.2279539   0.26314157]|goal_outside_workspace:[-0.58184445 -0.22736827  0.26397157]': 1, 'no_geometrically_valid_pnp_solution:goal_outside_workspace:[-0.58226216 -0.22795189  0.263142  ]|goal_outside_workspace:[-0.58184462 -0.22736627  0.263972  ]': 1, 'no_geometrically_valid_pnp_solution:goal_outside_workspace:[-0.58226232 -0.2279499   0.26314242]|goal_outside_workspace:[-0.58184478 -0.22736428  0.26397242]': 1, 'no_geometrically_valid_pnp_solution:goal_outside_workspace:[-0.58226248 -0.22794793  0.26314284]|goal_outside_workspace:[-0.58184493 -0.22736231  0.26397284]': 1, 'no_geometrically_valid_pnp_solution:goal_outside_workspace:[-0.58226264 -0.22794598  0.26314325]|goal_outside_workspace:[-0.58184509 -0.22736036  0.26397326]': 1, 'no_geometrically_valid_pnp_solution:goal_outside_workspace:[-0.5822628  -0.22794405  0.26314366]|goal_outside_workspace:[-0.58184525 -0.22735843  0.26397367]': 1, 'marker_not_detected': 12}",,,False,not_attempted_after_goal_fail_closed,,False,68,,False
True,466,0.005932870068676,"[0.5370852447466619, 0.12722517054608118, 0.31783556602978424]",0.0015774834406201,0.0021665554464556,0.0026800030798485,True,True,,0.0051837699753611,"[0.5241117125647025, 0.010740814327778236, 0.315]",True,,0.0004920167442927,True,69,"[0.5355077613060417, 0.12939172599253684, 0.315]",True
True,392,0.0042452780609321,"[0.39354132493311117, 0.10864733057298387, 0.32112440217614463]",0.0032942934797904,0.0026992303297918,0.0042588982030871,True,True,,0.0001493306593018,"[0.4642204535645429, 0.08952234036480178, 0.315]",True,,0.0005473451934969,True,70,"[0.3902470314533207, 0.10594810024319197, 0.315]",True
False,0,,,,,,False,False,ArUco goal capture failed closed before PPO: seed=71; reason=insufficient_valid_frames:0/8;failures={'marker_not_detected': 30}; failures={'marker_not_detected': 30},,,False,not_attempted_after_goal_fail_closed,,False,71,,False
True,538,0.0171964427424726,"[0.5640135536229943, -0.23367458709999656, 0.3146016015769552]",0.0142740803109131,0.0087183347222887,0.0167259896284872,True,True,,0.0021665397787616,"[0.6013510203421399, -0.19732995092863628, 0.315]",True,,0.0013425122749376,True,72,"[0.5497394733120812, -0.24239292182228528, 0.315]",False
True,455,0.0128930998815881,"[0.43387172623062575, -0.06271579319781914, 0.32064823092907524]",0.0072556448827403,0.0092800923836144,0.0117798343499751,True,True,,0.001403499736429,"[0.49779085678645785, -0.07865298485542792, 0.315]",True,,0.0007717688615458,True,73,"[0.42661608134788537, -0.07199588558143358, 0.315]",False
True,485,0.0062069726616616,"[0.6688558658082832, 0.09352071778856232, 0.31498621966739515]",7.267800390164947e-05,0.0057483902878208,0.005748849710452,True,True,,0.001623967569556,"[0.6183134805316721, 0.008288380072767915, 0.315]",True,,0.0004760163458478,True,74,"[0.6689285438121848, 0.09926910807638317, 0.315]",False
True,457,0.0036592293723149,"[0.45206498715640625, -0.04609679362590066, 0.3191539836135723]",0.0032814387319395,0.001832837983708,0.0037586081500997,True,True,,0.0010315249032806,"[0.4139875044578593, -0.13874838126801894, 0.315]",True,,0.0005248337610694,True,75,"[0.45534642588834584, -0.04426395564219261, 0.315]",True
True,447,0.0051351608636606,"[0.6104691661144873, 0.2943415959937135, 0.31498621966739515]",0.0004569471643445,0.0027145461968561,0.0027527371407144,True,True,,0.0025309011778649,"[0.5918994527472486, 0.19420932247037015, 0.315]",True,,0.0022998043085624,True,76,"[0.6109261132788318, 0.29705614219056964, 0.315]",True
True,461,0.0086637302677551,"[0.6221564513771792, -0.03161214386019435, 0.31553238103847076]",0.0011985169860331,0.0078713729767153,0.0079620949193271,True,True,,0.0018924505291456,"[0.5857796925627479, 0.020468782320126083, 0.315]",True,,0.0007661462894833,True,77,"[0.6209579343911461, -0.0394835168369097, 0.315]",False
True,392,0.0036109906232474,"[0.4271761456972228, 0.24256689007874857, 0.3187700758768628]",0.0008829223406818,0.001572005329536,0.001802984363705,True,True,,0.0018991322305281,"[0.47565892634909657, 0.16605412151580096, 0.315]",True,,0.0018823123185164,True,78,"[0.4280590680379046, 0.2441388954082846, 0.315]",True
True,604,0.0115360549353795,"[0.515123007402505, -0.19358192392388407, 0.3168865796621748]",0.0099781178788733,0.0053519588096748,0.0113228220645362,True,True,,0.0014603458344755,"[0.6258807162130566, -0.17135095727739424, 0.315]",True,,0.0003581315081159,True,79,"[0.5051448895236317, -0.1989338827335589, 0.315]",False
True,492,0.0136200567937129,"[0.621920896375268, -0.15266143414908284, 0.31627225153484334]",0.0071408912163705,0.0103001635624836,0.0125333832933471,True,True,,0.0037621723005958,"[0.5709473994030362, -0.19263248126943827, 0.315]",True,,0.0005276840836384,True,80,"[0.6147800051588975, -0.16296159771156646, 0.315]",False
True,482,0.004993080000656,"[0.571974487347155, -0.03850766255697666, 0.3169383402549993]",0.0027750813039343,0.0018145745044218,0.0033156834703486,True,True,,0.0026431925158558,"[0.4802339873316896, -0.11534867081418816, 0.315]",True,,0.0008426799706433,True,81,"[0.5747495686510893, -0.036693088052554834, 0.315]",True
True,469,0.011578694662688,"[0.5925203467255973, 0.15821721610278497, 0.3156423502562761]",0.0101197381080664,0.0079138195349044,0.012846697591478,True,True,,0.0012782729351867,"[0.6492916257155795, 0.14191517957059901, 0.315]",True,,0.0018529052829058,True,82,"[0.5824006086175308, 0.1503033965678805, 0.315]",False
True,532,0.0180354152389254,"[0.48549228719452103, -0.2630061296767965, 0.3180341212125764]",0.0051159400697033,0.0130068729090759,0.0139768231608492,True,True,,0.0045704663193108,"[0.4449242959553005, -0.18215805612950195, 0.315]",True,,0.001056769892641,True,83,"[0.4803763471248177, -0.27601300258587247, 0.315]",False
True,446,0.0042222499280195,"[0.493062108017743, 0.23447309671897884, 0.3177214642764896]",0.0054140708249799,0.001135005759138,0.0055317629171156,True,True,,0.0029057516044735,"[0.5696294716783747, 0.16008146509273397, 0.315]",True,,0.0018154369442331,True,84,"[0.487648037192763, 0.23333809095984082, 0.315]",False
True,422,0.009693772053531,"[0.4439828126022002, -0.016076977964516015, 0.31963350786233]",0.0055214798997587,0.0071707774368873,0.0090502369766107,True,True,,0.0006437963892958,"[0.3632968973632998, -0.01129240180084104, 0.315]",True,,0.0001320096335945,True,85,"[0.44950429250195895, -0.023247755401403357, 0.315]",False
True,511,0.0145818319138972,"[0.6079984165964594, -0.19003955653982632, 0.31514368525024383]",0.0042728716801201,0.0110713237495197,0.0118672508173313,True,True,,0.0041140050993263,"[0.5346386954857352, -0.12985830258723874, 0.315]",True,,0.0004479277468956,True,86,"[0.6037255449163392, -0.20111088028934604, 0.315]",False
False,0,,,,,,False,False,"ArUco goal capture failed closed before PPO: seed=87; reason=insufficient_valid_frames:0/8;failures={'no_geometrically_valid_pnp_solution:goal_outside_workspace:[-0.60154593 -0.11042827  0.25925488]|goal_outside_workspace:[-0.60121345 -0.11033801  0.25920865]': 1, 'no_geometrically_valid_pnp_solution:goal_outside_workspace:[-0.60154567 -0.11042593  0.25925542]|goal_outside_workspace:[-0.60121319 -0.11033567  0.25920918]': 1, 'no_geometrically_valid_pnp_solution:goal_outside_workspace:[-0.60154541 -0.11042361  0.25925594]|goal_outside_workspace:[-0.60121293 -0.11033335  0.25920971]': 1, 'no_geometrically_valid_pnp_solution:goal_outside_workspace:[-0.60154515 -0.11042131  0.25925646]|goal_outside_workspace:[-0.60121267 -0.11033105  0.25921023]': 1, 'no_geometrically_valid_pnp_solution:goal_outside_workspace:[-0.6015449  -0.11041904  0.25925698]|goal_outside_workspace:[-0.60121241 -0.11032878  0.25921074]': 1, 'no_geometrically_valid_pnp_solution:goal_outside_workspace:[-0.60154464 -0.11041678  0.25925749]|goal_outside_workspace:[-0.60121216 -0.11032653  0.25921125]': 1, 'no_geometrically_valid_pnp_solution:goal_outside_workspace:[-0.60154439 -0.11041456  0.259258  ]|goal_outside_workspace:[-0.60121191 -0.1103243   0.25921176]': 1, 'no_geometrically_valid_pnp_solution:goal_outside_workspace:[-0.59799455 -0.10971791  0.27080565]|goal_outside_workspace:[-0.59749281 -0.10955832  0.27106862]': 1, 'no_geometrically_valid_pnp_solution:goal_outside_workspace:[-0.5979943  -0.10971574  0.27080614]|goal_outside_workspace:[-0.59749255 -0.10955615  0.27106912]': 1, 'no_geometrically_valid_pnp_solution:goal_outside_workspace:[-0.59799405 -0.10971359  0.27080663]|goal_outside_workspace:[-0.5974923  -0.10955401  0.27106961]': 1, 'no_geometrically_valid_pnp_solution:goal_outside_workspace:[-0.5979938  -0.10971147  0.27080712]|goal_outside_workspace:[-0.59749205 -0.10955188  0.27107009]': 1, 'no_geometrically_valid_pnp_solution:goal_outside_workspace:[-0.59799355 -0.10970937  0.2708076 ]|goal_outside_workspace:[-0.5974918  -0.10954978  0.27107057]': 1, 'no_geometrically_valid_pnp_solution:goal_outside_workspace:[-0.59799331 -0.10970728  0.27080807]|goal_outside_workspace:[-0.59749156 -0.1095477   0.27107104]': 1, 'no_geometrically_valid_pnp_solution:goal_outside_workspace:[-0.59799307 -0.10970522  0.27080854]|goal_outside_workspace:[-0.59749132 -0.10954564  0.27107151]': 1, 'no_geometrically_valid_pnp_solution:goal_outside_workspace:[-0.59799283 -0.10970318  0.27080901]|goal_outside_workspace:[-0.59749108 -0.1095436   0.27107198]': 1, 'no_geometrically_valid_pnp_solution:goal_outside_workspace:[-0.59799259 -0.10970116  0.27080947]|goal_outside_workspace:[-0.59749084 -0.10954159  0.27107244]': 1, 'no_geometrically_valid_pnp_solution:goal_outside_workspace:[-0.59799236 -0.10969916  0.27080993]|goal_outside_workspace:[-0.5974906  -0.10953959  0.2710729 ]': 1, 'no_geometrically_valid_pnp_solution:goal_outside_workspace:[-0.59799212 -0.10969718  0.27081038]|goal_outside_workspace:[-0.59749037 -0.10953761  0.27107335]': 1, 'no_geometrically_valid_pnp_solution:goal_outside_workspace:[-0.59799189 -0.10969523  0.27081083]|goal_outside_workspace:[-0.59749014 -0.10953565  0.2710738 ]': 1, 'no_geometrically_valid_pnp_solution:goal_outside_workspace:[-0.59799167 -0.10969329  0.27081127]|goal_outside_workspace:[-0.59748991 -0.10953372  0.27107424]': 1, 'no_geometrically_valid_pnp_solution:goal_outside_workspace:[-0.59799144 -0.10969137  0.27081171]|goal_outside_workspace:[-0.59748969 -0.1095318   0.27107468]': 1, 'no_geometrically_valid_pnp_solution:goal_outside_workspace:[-0.59799122 -0.10968947  0.27081215]|goal_outside_workspace:[-0.59748947 -0.1095299   0.27107512]': 1, 'no_geometrically_valid_pnp_solution:goal_outside_workspace:[-0.597991   -0.10968758  0.27081258]|goal_outside_workspace:[-0.59748924 -0.10952802  0.27107555]': 1, 'no_geometrically_valid_pnp_solution:goal_outside_workspace:[-0.59799078 -0.10968572  0.270813  ]|goal_outside_workspace:[-0.59748903 -0.10952616  0.27107597]': 1, 'no_geometrically_valid_pnp_solution:goal_outside_workspace:[-0.59799057 -0.10968388  0.27081343]|goal_outside_workspace:[-0.59748881 -0.10952432  0.2710764 ]': 1, 'no_geometrically_valid_pnp_solution:goal_outside_workspace:[-0.59799035 -0.10968205  0.27081385]|goal_outside_workspace:[-0.5974886  -0.10952249  0.27107681]': 1, 'no_geometrically_valid_pnp_solution:goal_outside_workspace:[-0.59799014 -0.10968025  0.27081426]|goal_outside_workspace:[-0.59748838 -0.10952069  0.27107723]': 1, 'no_geometrically_valid_pnp_solution:goal_outside_workspace:[-0.59798993 -0.10967846  0.27081467]|goal_outside_workspace:[-0.59748817 -0.1095189   0.27107764]': 1, 'no_geometrically_valid_pnp_solution:goal_outside_workspace:[-0.59798972 -0.10967669  0.27081508]|goal_outside_workspace:[-0.59748797 -0.10951713  0.27107804]': 1, 'no_geometrically_valid_pnp_solution:goal_outside_workspace:[-0.59798952 -0.10967493  0.27081548]|goal_outside_workspace:[-0.59748776 -0.10951538  0.27107845]': 1}; failures={'no_geometrically_valid_pnp_solution:goal_outside_workspace:[-0.60154593 -0.11042827  0.25925488]|goal_outside_workspace:[-0.60121345 -0.11033801  0.25920865]': 1, 'no_geometrically_valid_pnp_solution:goal_outside_workspace:[-0.60154567 -0.11042593  0.25925542]|goal_outside_workspace:[-0.60121319 -0.11033567  0.25920918]': 1, 'no_geometrically_valid_pnp_solution:goal_outside_workspace:[-0.60154541 -0.11042361  0.25925594]|goal_outside_workspace:[-0.60121293 -0.11033335  0.25920971]': 1, 'no_geometrically_valid_pnp_solution:goal_outside_workspace:[-0.60154515 -0.11042131  0.25925646]|goal_outside_workspace:[-0.60121267 -0.11033105  0.25921023]': 1, 'no_geometrically_valid_pnp_solution:goal_outside_workspace:[-0.6015449  -0.11041904  0.25925698]|goal_outside_workspace:[-0.60121241 -0.11032878  0.25921074]': 1, 'no_geometrically_valid_pnp_solution:goal_outside_workspace:[-0.60154464 -0.11041678  0.25925749]|goal_outside_workspace:[-0.60121216 -0.11032653  0.25921125]': 1, 'no_geometrically_valid_pnp_solution:goal_outside_workspace:[-0.60154439 -0.11041456  0.259258  ]|goal_outside_workspace:[-0.60121191 -0.1103243   0.25921176]': 1, 'no_geometrically_valid_pnp_solution:goal_outside_workspace:[-0.59799455 -0.10971791  0.27080565]|goal_outside_workspace:[-0.59749281 -0.10955832  0.27106862]': 1, 'no_geometrically_valid_pnp_solution:goal_outside_workspace:[-0.5979943  -0.10971574  0.27080614]|goal_outside_workspace:[-0.59749255 -0.10955615  0.27106912]': 1, 'no_geometrically_valid_pnp_solution:goal_outside_workspace:[-0.59799405 -0.10971359  0.27080663]|goal_outside_workspace:[-0.5974923  -0.10955401  0.27106961]': 1, 'no_geometrically_valid_pnp_solution:goal_outside_workspace:[-0.5979938  -0.10971147  0.27080712]|goal_outside_workspace:[-0.59749205 -0.10955188  0.27107009]': 1, 'no_geometrically_valid_pnp_solution:goal_outside_workspace:[-0.59799355 -0.10970937  0.2708076 ]|goal_outside_workspace:[-0.5974918  -0.10954978  0.27107057]': 1, 'no_geometrically_valid_pnp_solution:goal_outside_workspace:[-0.59799331 -0.10970728  0.27080807]|goal_outside_workspace:[-0.59749156 -0.1095477   0.27107104]': 1, 'no_geometrically_valid_pnp_solution:goal_outside_workspace:[-0.59799307 -0.10970522  0.27080854]|goal_outside_workspace:[-0.59749132 -0.10954564  0.27107151]': 1, 'no_geometrically_valid_pnp_solution:goal_outside_workspace:[-0.59799283 -0.10970318  0.27080901]|goal_outside_workspace:[-0.59749108 -0.1095436   0.27107198]': 1, 'no_geometrically_valid_pnp_solution:goal_outside_workspace:[-0.59799259 -0.10970116  0.27080947]|goal_outside_workspace:[-0.59749084 -0.10954159  0.27107244]': 1, 'no_geometrically_valid_pnp_solution:goal_outside_workspace:[-0.59799236 -0.10969916  0.27080993]|goal_outside_workspace:[-0.5974906  -0.10953959  0.2710729 ]': 1, 'no_geometrically_valid_pnp_solution:goal_outside_workspace:[-0.59799212 -0.10969718  0.27081038]|goal_outside_workspace:[-0.59749037 -0.10953761  0.27107335]': 1, 'no_geometrically_valid_pnp_solution:goal_outside_workspace:[-0.59799189 -0.10969523  0.27081083]|goal_outside_workspace:[-0.59749014 -0.10953565  0.2710738 ]': 1, 'no_geometrically_valid_pnp_solution:goal_outside_workspace:[-0.59799167 -0.10969329  0.27081127]|goal_outside_workspace:[-0.59748991 -0.10953372  0.27107424]': 1, 'no_geometrically_valid_pnp_solution:goal_outside_workspace:[-0.59799144 -0.10969137  0.27081171]|goal_outside_workspace:[-0.59748969 -0.1095318   0.27107468]': 1, 'no_geometrically_valid_pnp_solution:goal_outside_workspace:[-0.59799122 -0.10968947  0.27081215]|goal_outside_workspace:[-0.59748947 -0.1095299   0.27107512]': 1, 'no_geometrically_valid_pnp_solution:goal_outside_workspace:[-0.597991   -0.10968758  0.27081258]|goal_outside_workspace:[-0.59748924 -0.10952802  0.27107555]': 1, 'no_geometrically_valid_pnp_solution:goal_outside_workspace:[-0.59799078 -0.10968572  0.270813  ]|goal_outside_workspace:[-0.59748903 -0.10952616  0.27107597]': 1, 'no_geometrically_valid_pnp_solution:goal_outside_workspace:[-0.59799057 -0.10968388  0.27081343]|goal_outside_workspace:[-0.59748881 -0.10952432  0.2710764 ]': 1, 'no_geometrically_valid_pnp_solution:goal_outside_workspace:[-0.59799035 -0.10968205  0.27081385]|goal_outside_workspace:[-0.5974886  -0.10952249  0.27107681]': 1, 'no_geometrically_valid_pnp_solution:goal_outside_workspace:[-0.59799014 -0.10968025  0.27081426]|goal_outside_workspace:[-0.59748838 -0.10952069  0.27107723]': 1, 'no_geometrically_valid_pnp_solution:goal_outside_workspace:[-0.59798993 -0.10967846  0.27081467]|goal_outside_workspace:[-0.59748817 -0.1095189   0.27107764]': 1, 'no_geometrically_valid_pnp_solution:goal_outside_workspace:[-0.59798972 -0.10967669  0.27081508]|goal_outside_workspace:[-0.59748797 -0.10951713  0.27107804]': 1, 'no_geometrically_valid_pnp_solution:goal_outside_workspace:[-0.59798952 -0.10967493  0.27081548]|goal_outside_workspace:[-0.59748776 -0.10951538  0.27107845]': 1}",,,False,not_attempted_after_goal_fail_closed,,False,87,,False
True,408,0.0071657433310267,"[0.44484382830538927, 0.17653670332106686, 0.31946870718917814]",0.0064058404409331,0.0021626007517706,0.0067610379207821,True,True,,0.000700142886689,"[0.4118735929369551, 0.0812750218379244, 0.315]",True,,0.0002855093343408,True,88,"[0.45124966874632244, 0.17869930407283746, 0.315]",False
True,449,0.0063775346606353,"[0.4178422884814951, 0.10036289377501639, 0.32045559920791833]",0.0027719291363749,0.0057554075803439,0.0063881380349022,True,True,,1.8525363203069498e-05,"[0.5227331425430098, 0.10797553586319425, 0.315]",True,,0.0012839697004284,True,89,"[0.4150703593451202, 0.09460748619467244, 0.315]",False
True,436,0.0087591613998188,"[0.537292751080343, 0.034178341162178744, 0.3177609504499134]",0.0041123477940948,0.0063199682515323,0.0075401195666894,True,True,,0.0016706422443233,"[0.4616998339529741, 0.07275884301368507, 0.315]",True,,0.000462809029812,True,90,"[0.5414050988744379, 0.027858372910646398, 0.315]",False
True,451,0.0107263317399064,"[0.46013497724544433, 0.06187428052524564, 0.3190077034535918]",0.0052973212669289,0.0092189065034111,0.0106324902879661,True,True,,0.0001784954313688,"[0.43492491730035066, 0.1641003893088278, 0.315]",True,,0.0018773224516109,True,91,"[0.4654322985123733, 0.0526553740218345, 0.315]",False
True,506,0.0198432280610829,"[0.5762852524191171, -0.22033693392152612, 0.314886314259816]",0.006893634716039,0.0168253947290234,0.0181828520146215,True,True,,0.0024868253603279,"[0.5302592888555286, -0.1696592561006547, 0.315]",True,,4.483947454009225e-05,True,92,"[0.569391617703078, -0.23716232865054954, 0.315]",False
False,0,,,,,,False,False,ArUco goal capture failed closed before PPO: seed=93; reason=insufficient_valid_frames:0/8;failures={'marker_not_detected': 30}; failures={'marker_not_detected': 30},,,False,not_attempted_after_goal_fail_closed,,False,93,,False
True,415,0.0076340545359046,"[0.31799887839858226, 0.09268935505852305, 0.3210575635140849]",0.0005659318071061,0.0077827150596533,0.0078032642214683,True,True,,0.0004793698861694,"[0.42190127766536084, 0.11547721791765503, 0.315]",True,,0.0016572510767313,True,94,"[0.3185648102056884, 0.08490663999886974, 0.315]",False
False,0,,,,,,False,False,ArUco goal capture failed closed before PPO: seed=95; reason=insufficient_valid_frames:6/8;failures={'marker_not_detected': 24}; failures={'marker_not_detected': 24},,,False,not_attempted_after_goal_fail_closed,,False,95,,False
True,449,0.0071230550887929,"[0.6584461341657069, 0.09163456375898475, 0.3145626090365977]",0.0039755044981871,0.0040910398968316,0.0057044932686939,True,True,,0.0022082906357987,"[0.5687507066754882, 0.09355584129817535, 0.315]",True,,0.0012593071724903,True,96,"[0.662421638663894, 0.08754352386215315, 0.315]",False
True,479,0.0075433688078021,"[0.4674866941944207, -0.010304871064591652, 0.31889203601833915]",0.0059256682353531,0.0044146380177691,0.007389355375363,True,True,,0.0008301888227347,"[0.5522820217165502, -0.027075502267654455, 0.315]",True,,0.0005044215008999,True,97,"[0.4615610259590675, -0.014719509082360811, 0.315]",False
True,449,0.0144235430016419,"[0.6508596682859437, 0.1012825204306924, 0.31498621966739515]",0.003508608331491,0.0146738949079722,0.0150875287636518,True,True,,0.0024802598137246,"[0.6330966623035386, 0.14053236690681176, 0.315]",True,,0.0024503540363424,True,98,"[0.6473510599544526, 0.08660862552272017, 0.315]",False
True,438,0.005365112747076,"[0.416405007663734, 0.045377034449983714, 0.3207705659469277]",0.0041637375445497,0.0035263351487004,0.0054563495050128,True,True,,0.0001429252069596,"[0.5018092023645183, 0.026036652713795322, 0.315]",True,,0.0003626861130267,True,99,"[0.4122412701191842, 0.04185069930128327, 0.315]",False
